# File generated by FabConvert.com - Free Image and 3D model conversion tools

mtllib peashooterlowpoly.mtl

o obj1
v -0.10701927 0.25 0.02778384
v -0.02745872 0.25 0.00379128
v -0.08838834 0.3125 0.11963833
v -0.02745872 0.25 0.00379128
v -0.10701927 0.25 0.02778384
v -0.10701927 0.3125 0.02778384
v -0.02745872 0.3125 0.00379128
v -0.02745872 0.3125 0.00379128
v -0.10701927 0.3125 0.02778384
v -0.08838834 0.375 0.11963833
v -0.19129137 0.328125 0.08995885
v -0.10701927 0.25 0.02778384
v -0.08838834 0.3125 0.11963833
v -0.10701927 0.25 0.02778384
v -0.19129137 0.328125 0.08995885
v -0.19129137 0.375 0.08995885
v -0.10701927 0.3125 0.02778384
v -0.10701927 0.3125 0.02778384
v -0.19129137 0.375 0.08995885
v -0.08838834 0.375 0.11963833
v -0.24842958 0.3125 0.22476211
v -0.19129137 0.328125 0.08995885
v -0.08838834 0.3125 0.11963833
v -0.19129137 0.328125 0.08995885
v -0.24842958 0.3125 0.22476211
v -0.20423541 0.375 0.18056795
v -0.19129137 0.375 0.08995885
v -0.19129137 0.375 0.08995885
v -0.20423541 0.375 0.18056795
v -0.08838834 0.375 0.11963833
v -0.19351214 0.3125 0.27967956
v -0.24842958 0.3125 0.22476211
v -0.08838834 0.3125 0.11963833
v -0.24842958 0.3125 0.22476211
v -0.19351214 0.3125 0.27967956
v -0.14931797 0.375 0.23548539
v -0.20423541 0.375 0.18056795
v -0.20423541 0.375 0.18056795
v -0.14931797 0.375 0.23548539
v -0.08838834 0.375 0.11963833
v -0.05870887 0.328125 0.22254136
v -0.19351214 0.3125 0.27967956
v -0.08838834 0.3125 0.11963833
v -0.19351214 0.3125 0.27967956
v -0.05870887 0.328125 0.22254136
v -0.05870887 0.375 0.22254136
v -0.14931797 0.375 0.23548539
v -0.14931797 0.375 0.23548539
v -0.05870887 0.375 0.22254136
v -0.08838834 0.375 0.11963833
v 0.00346615 0.25 0.13826927
v -0.05870887 0.328125 0.22254136
v -0.08838834 0.3125 0.11963833
v -0.05870887 0.328125 0.22254136
v 0.00346615 0.25 0.13826927
v 0.00346615 0.3125 0.13826927
v -0.05870887 0.375 0.22254136
v -0.05870887 0.375 0.22254136
v 0.00346615 0.3125 0.13826927
v -0.08838834 0.375 0.11963833
v 0.02745872 0.25 0.05870872
v 0.00346615 0.25 0.13826927
v -0.08838834 0.3125 0.11963833
v 0.00346615 0.25 0.13826927
v 0.02745872 0.25 0.05870872
v 0.02745872 0.3125 0.05870872
v 0.00346615 0.3125 0.13826927
v 0.00346615 0.3125 0.13826927
v 0.02745872 0.3125 0.05870872
v -0.08838834 0.375 0.11963833
v -0.02745872 0.25 0.00379128
v 0.02745872 0.25 0.05870872
v -0.08838834 0.3125 0.11963833
v 0.02745872 0.25 0.05870872
v -0.02745872 0.25 0.00379128
v -0.02745872 0.3125 0.00379128
v 0.02745872 0.3125 0.05870872
v 0.02745872 0.3125 0.05870872
v -0.02745872 0.3125 0.00379128
v -0.08838834 0.375 0.11963833
vn -0.49032 -0.83088 -0.26311
vn 0.88115 0 0.47284
vn 0.49032 0.83088 0.26311
vn -0.20872 -0.76531 -0.60888
vn 0.98881 0 0.1492
vn 0.29061 0.79917 0.52619
vn 0.18481 -0.98203 0.03828
vn 0.83972 0.38398 -0.38398
vn 0 1 0
vn 0 -1 0
vn 0 0.70711 -0.70711
vn -0.18481 -0.98203 0.03828
vn -0.92699 0 -0.37509
vn 0.20872 -0.76531 -0.60888
vn -0.98881 0 0.1492
vn -0.29061 0.79917 0.52619
vn 0.49032 -0.83088 -0.26311
vn -0.88115 0 0.47284
vn -0.49032 0.83088 0.26311
vn -0 -0.89443 -0.44721
vn 0 0 1
vn -0 0.89443 0.44721
vt 0.30566 0.36516
vt 0.31985 0.35299
vt 0.31992 0.38638
vt 0.54794 0.50106
vt 0.56144 0.50106
vt 0.56144 0.51456
vt 0.54794 0.51456
vt 0.62923 0.60892
vt 0.64139 0.59472
vt 0.66261 0.60899
vt 0.00182 0.44536
vt 0.0018 0.41543
vt 0.02194 0.43127
vt 0.618 0.92236
vt 0.64794 0.92262
vt 0.65481 0.93396
vt 0.62711 0.93658
vt 0.56461 0.61845
vt 0.59241 0.61848
vt 0.57967 0.63913
vt 0.48733 0.58632
vt 0.45879 0.6052
vt 0.44234 0.58639
vt 0.0475 0.91927
vt 0.04728 0.88526
vt 0.06086 0.90079
vt 0.05722 0.92043
vt 0.42039 0.59128
vt 0.40826 0.60788
vt 0.39933 0.57933
vt 0.03607 0.47944
vt 0.03969 0.46197
vt 0.08106 0.47965
vt 0.48544 0.75106
vt 0.49894 0.75106
vt 0.49894 0.76456
vt 0.48544 0.76456
vt 0.40713 0.60827
vt 0.38975 0.60827
vt 0.39844 0.57963
vt 0.25215 0.5427
vt 0.22361 0.52382
vt 0.2686 0.52389
vt 0.51806 0.37545
vt 0.55211 0.37568
vt 0.55329 0.38772
vt 0.53362 0.38945
vt 0.38861 0.60788
vt 0.37648 0.59128
vt 0.39754 0.57933
vt 0.54825 0.97717
vt 0.57818 0.97719
vt 0.56408 0.99731
vt 0.62561 0.31975
vt 0.62539 0.2899
vt 0.63672 0.29906
vt 0.63409 0.32666
vt 0.57881 0.90491
vt 0.57878 0.87711
vt 0.59945 0.89217
vt 0.64205 0.86719
vt 0.65422 0.85299
vt 0.67544 0.86726
vt 0.26669 0.48544
vt 0.28019 0.48544
vt 0.28019 0.49894
vt 0.26669 0.49894
vt 0.06393 0.33671
vt 0.07813 0.32454
vt 0.0782 0.35793
vt 0.2536 0.37324
vt 0.27046 0.36856
vt 0.27067 0.402
vt 0.32919 0.75106
vt 0.34269 0.75106
vt 0.34269 0.76456
vt 0.32919 0.76456
vt 0.11297 0.37604
vt 0.12984 0.37136
vt 0.13005 0.4048
usemtl mat0
f 1/1/1 2/2/1 3/3/1
f 4/4/2 5/5/2 6/6/2
f 4/4/2 6/6/2 7/7/2
f 8/8/3 9/9/3 10/10/3
f 11/11/4 12/12/4 13/13/4
f 14/14/5 15/15/5 16/16/5
f 14/14/5 16/16/5 17/17/5
f 18/18/6 19/19/6 20/20/6
f 21/21/7 22/22/7 23/23/7
f 24/24/8 25/25/8 26/26/8
f 24/24/8 26/26/8 27/27/8
f 28/28/9 29/29/9 30/30/9
f 31/31/10 32/32/10 33/33/10
f 34/34/11 35/35/11 36/36/11
f 34/34/11 36/36/11 37/37/11
f 38/38/9 39/39/9 40/40/9
f 41/41/12 42/42/12 43/43/12
f 44/44/13 45/45/13 46/46/13
f 44/44/13 46/46/13 47/47/13
f 48/48/9 49/49/9 50/50/9
f 51/51/14 52/52/14 53/53/14
f 54/54/15 55/55/15 56/56/15
f 54/54/15 56/56/15 57/57/15
f 58/58/16 59/59/16 60/60/16
f 61/61/17 62/62/17 63/63/17
f 64/64/18 65/65/18 66/66/18
f 64/64/18 66/66/18 67/67/18
f 68/68/19 69/69/19 70/70/19
f 71/71/20 72/72/20 73/73/20
f 74/74/21 75/75/21 76/76/21
f 74/74/21 76/76/21 77/77/21
f 78/78/22 79/79/22 80/80/22
# Vertices: 80, normals: 22, texture coordinates: 80, faces: 32

o obj2
v -0.00346615 0.25 0.13826927
v -0.02745872 0.25 0.05870872
v 0.08838834 0.3125 0.11963833
v -0.02745872 0.25 0.05870872
v -0.00346615 0.25 0.13826927
v -0.00346615 0.3125 0.13826927
v -0.02745872 0.3125 0.05870872
v -0.02745872 0.3125 0.05870872
v -0.00346615 0.3125 0.13826927
v 0.08838834 0.375 0.11963833
v 0.05870887 0.328125 0.22254136
v -0.00346615 0.25 0.13826927
v 0.08838834 0.3125 0.11963833
v -0.00346615 0.25 0.13826927
v 0.05870887 0.328125 0.22254136
v 0.05870887 0.375 0.22254136
v -0.00346615 0.3125 0.13826927
v -0.00346615 0.3125 0.13826927
v 0.05870887 0.375 0.22254136
v 0.08838834 0.375 0.11963833
v 0.19351214 0.3125 0.27967956
v 0.05870887 0.328125 0.22254136
v 0.08838834 0.3125 0.11963833
v 0.05870887 0.328125 0.22254136
v 0.19351214 0.3125 0.27967956
v 0.14931797 0.375 0.23548539
v 0.05870887 0.375 0.22254136
v 0.05870887 0.375 0.22254136
v 0.14931797 0.375 0.23548539
v 0.08838834 0.375 0.11963833
v 0.24842958 0.3125 0.22476211
v 0.19351214 0.3125 0.27967956
v 0.08838834 0.3125 0.11963833
v 0.19351214 0.3125 0.27967956
v 0.24842958 0.3125 0.22476211
v 0.20423541 0.375 0.18056795
v 0.14931797 0.375 0.23548539
v 0.14931797 0.375 0.23548539
v 0.20423541 0.375 0.18056795
v 0.08838834 0.375 0.11963833
v 0.19129137 0.328125 0.08995885
v 0.24842958 0.3125 0.22476211
v 0.08838834 0.3125 0.11963833
v 0.24842958 0.3125 0.22476211
v 0.19129137 0.328125 0.08995885
v 0.19129137 0.375 0.08995885
v 0.20423541 0.375 0.18056795
v 0.20423541 0.375 0.18056795
v 0.19129137 0.375 0.08995885
v 0.08838834 0.375 0.11963833
v 0.10701927 0.25 0.02778384
v 0.19129137 0.328125 0.08995885
v 0.08838834 0.3125 0.11963833
v 0.19129137 0.328125 0.08995885
v 0.10701927 0.25 0.02778384
v 0.10701927 0.3125 0.02778384
v 0.19129137 0.375 0.08995885
v 0.19129137 0.375 0.08995885
v 0.10701927 0.3125 0.02778384
v 0.08838834 0.375 0.11963833
v 0.02745872 0.25 0.00379128
v 0.10701927 0.25 0.02778384
v 0.08838834 0.3125 0.11963833
v 0.10701927 0.25 0.02778384
v 0.02745872 0.25 0.00379128
v 0.02745872 0.3125 0.00379128
v 0.10701927 0.3125 0.02778384
v 0.10701927 0.3125 0.02778384
v 0.02745872 0.3125 0.00379128
v 0.08838834 0.375 0.11963833
v -0.02745872 0.25 0.05870872
v 0.02745872 0.25 0.00379128
v 0.08838834 0.3125 0.11963833
v 0.02745872 0.25 0.00379128
v -0.02745872 0.25 0.05870872
v -0.02745872 0.3125 0.05870872
v 0.02745872 0.3125 0.00379128
v 0.02745872 0.3125 0.00379128
v -0.02745872 0.3125 0.05870872
v 0.08838834 0.375 0.11963833
vn -0.49032 -0.83088 -0.26311
vn 0.88115 0 0.47284
vn 0.49032 0.83088 0.26311
vn -0.20872 -0.76531 -0.60888
vn 0.98881 0 0.1492
vn 0.29061 0.79917 0.52619
vn 0.18481 -0.98203 0.03828
vn 0.83972 0.38398 -0.38398
vn 0 1 0
vn 0 -1 0
vn 0 0.70711 -0.70711
vn -0.18481 -0.98203 0.03828
vn -0.92699 0 -0.37509
vn 0.20872 -0.76531 -0.60888
vn -0.98881 0 0.1492
vn -0.29061 0.79917 0.52619
vn 0.49032 -0.83088 -0.26311
vn -0.88115 0 0.47284
vn -0.49032 0.83088 0.26311
vn -0 -0.89443 -0.44721
vn 0 0 1
vn -0 0.89443 0.44721
vt 0.58691 0.33391
vt 0.6011 0.32174
vt 0.60117 0.35513
vt 0.07919 0.37606
vt 0.09269 0.37606
vt 0.09269 0.38956
vt 0.07919 0.38956
vt 0.62923 0.56204
vt 0.64139 0.54784
vt 0.66261 0.56211
vt 0.07994 0.44536
vt 0.07992 0.41543
vt 0.10006 0.43127
vt 0.618 0.71924
vt 0.64794 0.7195
vt 0.65481 0.73083
vt 0.62711 0.73345
vt 0.42398 0.41533
vt 0.45179 0.41536
vt 0.43905 0.436
vt 0.51858 0.97694
vt 0.49004 0.99583
vt 0.47359 0.97701
vt 0.36 0.46614
vt 0.35978 0.43214
vt 0.37336 0.44766
vt 0.36972 0.46731
vt 0.04539 0.57566
vt 0.03326 0.59225
vt 0.02434 0.5637
vt 0.11419 0.47944
vt 0.11781 0.46197
vt 0.15918 0.47965
vt 0.12606 0.42294
vt 0.13956 0.42294
vt 0.13956 0.43644
vt 0.12606 0.43644
vt 0.03213 0.59265
vt 0.01475 0.59265
vt 0.02344 0.564
vt 0.06465 0.52708
vt 0.03611 0.50819
vt 0.0811 0.50826
vt 0.61181 0.43795
vt 0.64586 0.43818
vt 0.64704 0.45022
vt 0.62737 0.45195
vt 0.01361 0.59225
vt 0.00148 0.57566
vt 0.02254 0.5637
vt 0.54825 0.9303
vt 0.57818 0.93032
vt 0.56408 0.95044
vt 0.65686 0.31975
vt 0.65664 0.2899
vt 0.66797 0.29906
vt 0.66534 0.32666
vt 0.57881 0.59241
vt 0.57878 0.56461
vt 0.59945 0.57967
vt 0.64205 0.69532
vt 0.65422 0.68112
vt 0.67544 0.69539
vt 0.00106 0.37606
vt 0.01456 0.37606
vt 0.01456 0.38956
vt 0.00106 0.38956
vt 0.64206 0.36796
vt 0.65625 0.35579
vt 0.65632 0.38918
vt 0.59735 0.67012
vt 0.61421 0.66543
vt 0.61442 0.69888
vt 0.04794 0.42294
vt 0.06144 0.42294
vt 0.06144 0.43644
vt 0.04794 0.43644
vt 0.59735 0.82917
vt 0.61421 0.82448
vt 0.61442 0.85793
usemtl mat0
f 81/81/23 82/82/23 83/83/23
f 84/84/24 85/85/24 86/86/24
f 84/84/24 86/86/24 87/87/24
f 88/88/25 89/89/25 90/90/25
f 91/91/26 92/92/26 93/93/26
f 94/94/27 95/95/27 96/96/27
f 94/94/27 96/96/27 97/97/27
f 98/98/28 99/99/28 100/100/28
f 101/101/29 102/102/29 103/103/29
f 104/104/30 105/105/30 106/106/30
f 104/104/30 106/106/30 107/107/30
f 108/108/31 109/109/31 110/110/31
f 111/111/32 112/112/32 113/113/32
f 114/114/33 115/115/33 116/116/33
f 114/114/33 116/116/33 117/117/33
f 118/118/31 119/119/31 120/120/31
f 121/121/34 122/122/34 123/123/34
f 124/124/35 125/125/35 126/126/35
f 124/124/35 126/126/35 127/127/35
f 128/128/31 129/129/31 130/130/31
f 131/131/36 132/132/36 133/133/36
f 134/134/37 135/135/37 136/136/37
f 134/134/37 136/136/37 137/137/37
f 138/138/38 139/139/38 140/140/38
f 141/141/39 142/142/39 143/143/39
f 144/144/40 145/145/40 146/146/40
f 144/144/40 146/146/40 147/147/40
f 148/148/41 149/149/41 150/150/41
f 151/151/42 152/152/42 153/153/42
f 154/154/43 155/155/43 156/156/43
f 154/154/43 156/156/43 157/157/43
f 158/158/44 159/159/44 160/160/44
# Vertices: 80, normals: 22, texture coordinates: 80, faces: 32

o obj3
v -0.03032417 0.25178308 0.06157417
v -0.10985829 0.25349699 0.03755515
v -0.08935221 0.31252974 -0.05617449
v -0.10793057 0.31593751 0.03562743
v -0.10985829 0.25349699 0.03755515
v -0.03032417 0.25178308 0.06157417
v -0.02839645 0.31422359 0.05964645
v -0.10793057 0.31593751 0.03562743
v -0.02839645 0.31422359 0.05964645
v -0.08742448 0.37497026 -0.05810221
v -0.10985829 0.25349699 0.03755515
v -0.19171022 0.33222919 -0.02704003
v -0.08935221 0.31252974 -0.05617449
v -0.19026443 0.37905957 -0.02848583
v -0.19171022 0.33222919 -0.02704003
v -0.10985829 0.25349699 0.03755515
v -0.10793057 0.31593751 0.03562743
v -0.19026443 0.37905957 -0.02848583
v -0.10793057 0.31593751 0.03562743
v -0.08742448 0.37497026 -0.05810221
v -0.19171022 0.33222919 -0.02704003
v -0.24936732 0.31422359 -0.16132443
v -0.08935221 0.31252974 -0.05617449
v -0.20324542 0.37666411 -0.11905797
v -0.24936732 0.31422359 -0.16132443
v -0.19171022 0.33222919 -0.02704003
v -0.19026443 0.37905957 -0.02848583
v -0.20324542 0.37666411 -0.11905797
v -0.19026443 0.37905957 -0.02848583
v -0.08742448 0.37497026 -0.05810221
v -0.24936732 0.31422359 -0.16132443
v -0.19450213 0.31083589 -0.2161896
v -0.08935221 0.31252974 -0.05617449
v -0.14838024 0.37327641 -0.17392315
v -0.19450213 0.31083589 -0.2161896
v -0.24936732 0.31422359 -0.16132443
v -0.20324542 0.37666411 -0.11905797
v -0.14838024 0.37327641 -0.17392315
v -0.20324542 0.37666411 -0.11905797
v -0.08742448 0.37497026 -0.05810221
v -0.19450213 0.31083589 -0.2161896
v -0.05925388 0.32405055 -0.15949636
v -0.08935221 0.31252974 -0.05617449
v -0.05780809 0.37088094 -0.16094215
v -0.05925388 0.32405055 -0.15949636
v -0.19450213 0.31083589 -0.2161896
v -0.14838024 0.37327641 -0.17392315
v -0.05780809 0.37088094 -0.16094215
v -0.14838024 0.37327641 -0.17392315
v -0.08742448 0.37497026 -0.05810221
v -0.05925388 0.32405055 -0.15949636
v 0.00052199 0.24668146 -0.07282512
v -0.08935221 0.31252974 -0.05617449
v 0.00244971 0.30912198 -0.07475284
v 0.00052199 0.24668146 -0.07282512
v -0.05925388 0.32405055 -0.15949636
v -0.05780809 0.37088094 -0.16094215
v 0.00244971 0.30912198 -0.07475284
v -0.05780809 0.37088094 -0.16094215
v -0.08742448 0.37497026 -0.05810221
v 0.00052199 0.24668146 -0.07282512
v 0.02454101 0.24839538 0.00670899
v -0.08935221 0.31252974 -0.05617449
v 0.02646873 0.31083589 0.00478127
v 0.02454101 0.24839538 0.00670899
v 0.00052199 0.24668146 -0.07282512
v 0.00244971 0.30912198 -0.07475284
v 0.02646873 0.31083589 0.00478127
v 0.00244971 0.30912198 -0.07475284
v -0.08742448 0.37497026 -0.05810221
v 0.02454101 0.24839538 0.00670899
v -0.03032417 0.25178308 0.06157417
v -0.08935221 0.31252974 -0.05617449
v -0.02839645 0.31422359 0.05964645
v -0.03032417 0.25178308 0.06157417
v 0.02454101 0.24839538 0.00670899
v 0.02646873 0.31083589 0.00478127
v -0.02839645 0.31422359 0.05964645
v 0.02646873 0.31083589 0.00478127
v -0.08742448 0.37497026 -0.05810221
vn 0.49032 -0.83088 -0.26311
vn -0.88115 0 0.47284
vn -0.49032 0.83088 0.26311
vn 0.20872 -0.76531 -0.60888
vn -0.98881 0 0.1492
vn -0.29061 0.79917 0.52619
vn -0.18481 -0.98203 0.03828
vn -0.83972 0.38398 -0.38398
vn 0 1 -0
vn 0 -1 0
vn 0 0.70711 -0.70711
vn 0.18481 -0.98203 0.03828
vn 0.92699 0 -0.37509
vn -0.20872 -0.76531 -0.60888
vn 0.98881 0 0.1492
vn 0.29061 0.79917 0.52619
vn -0.49032 -0.83088 -0.26311
vn 0.88115 0 0.47284
vn 0.49032 0.83088 0.26311
vn -0 -0.89443 -0.44721
vn 0 0 1
vn -0 0.89443 0.44721
vt 0.45455 0.35157
vt 0.46672 0.33737
vt 0.48794 0.35164
vt 0.73544 0.93644
vt 0.73544 0.92294
vt 0.74894 0.92294
vt 0.74894 0.93644
vt 0.11081 0.32108
vt 0.125 0.30892
vt 0.12507 0.3423
vt 0.25137 0.4303
vt 0.2813 0.43032
vt 0.2672 0.45044
vt 0.04034 0.31103
vt 0.03186 0.30412
vt 0.03164 0.27428
vt 0.04297 0.28344
vt 0.57881 0.49866
vt 0.57878 0.47086
vt 0.59945 0.48592
vt 0.50215 0.7302
vt 0.47361 0.71132
vt 0.5186 0.71139
vt 0.62734 0.42067
vt 0.61182 0.40667
vt 0.64584 0.40689
vt 0.647 0.41702
vt 0.43549 0.82663
vt 0.42336 0.81003
vt 0.44442 0.79808
vt 0.51887 0.59097
vt 0.53634 0.58735
vt 0.53655 0.63234
vt 0.71981 0.42081
vt 0.71981 0.40731
vt 0.73331 0.40731
vt 0.73331 0.42081
vt 0.454 0.82702
vt 0.43662 0.82702
vt 0.44531 0.79838
vt 0.51858 0.66444
vt 0.49004 0.68333
vt 0.47359 0.66451
vt 0.29241 0.32671
vt 0.28187 0.32551
vt 0.28165 0.29151
vt 0.29412 0.30712
vt 0.46727 0.81003
vt 0.45514 0.82663
vt 0.44621 0.79808
vt 0.31432 0.44536
vt 0.3143 0.41543
vt 0.33444 0.43127
vt 0.40836 0.3897
vt 0.39925 0.37549
vt 0.42919 0.37575
vt 0.43606 0.38708
vt 0.51773 0.41533
vt 0.54554 0.41536
vt 0.5328 0.436
vt 0.16503 0.31828
vt 0.17923 0.30612
vt 0.1793 0.3395
vt 0.06356 0.26456
vt 0.06356 0.25106
vt 0.07706 0.25106
vt 0.07706 0.26456
vt 0.62923 0.51517
vt 0.64139 0.50097
vt 0.66261 0.51524
vt 0.34735 0.37324
vt 0.36421 0.36856
vt 0.36442 0.402
vt 0.53231 0.28019
vt 0.53231 0.26669
vt 0.54581 0.26669
vt 0.54581 0.28019
vt 0.15985 0.37604
vt 0.17671 0.37136
vt 0.17692 0.4048
usemtl mat0
f 161/161/45 162/162/45 163/163/45
f 164/164/46 165/165/46 166/166/46
f 164/164/46 166/166/46 167/167/46
f 168/168/47 169/169/47 170/170/47
f 171/171/48 172/172/48 173/173/48
f 174/174/49 175/175/49 176/176/49
f 174/174/49 176/176/49 177/177/49
f 178/178/50 179/179/50 180/180/50
f 181/181/51 182/182/51 183/183/51
f 184/184/52 185/185/52 186/186/52
f 184/184/52 186/186/52 187/187/52
f 188/188/53 189/189/53 190/190/53
f 191/191/54 192/192/54 193/193/54
f 194/194/55 195/195/55 196/196/55
f 194/194/55 196/196/55 197/197/55
f 198/198/53 199/199/53 200/200/53
f 201/201/56 202/202/56 203/203/56
f 204/204/57 205/205/57 206/206/57
f 204/204/57 206/206/57 207/207/57
f 208/208/53 209/209/53 210/210/53
f 211/211/58 212/212/58 213/213/58
f 214/214/59 215/215/59 216/216/59
f 214/214/59 216/216/59 217/217/59
f 218/218/60 219/219/60 220/220/60
f 221/221/61 222/222/61 223/223/61
f 224/224/62 225/225/62 226/226/62
f 224/224/62 226/226/62 227/227/62
f 228/228/63 229/229/63 230/230/63
f 231/231/64 232/232/64 233/233/64
f 234/234/65 235/235/65 236/236/65
f 234/234/65 236/236/65 237/237/65
f 238/238/66 239/239/66 240/240/66
# Vertices: 80, normals: 22, texture coordinates: 80, faces: 32

o obj4
v -0.02745872 0.25 0.00379128
v -0.00346615 0.25 -0.07576927
v 0.08838834 0.3125 -0.05713833
v -0.00346615 0.3125 -0.07576927
v -0.00346615 0.25 -0.07576927
v -0.02745872 0.25 0.00379128
v -0.02745872 0.3125 0.00379128
v -0.00346615 0.3125 -0.07576927
v -0.02745872 0.3125 0.00379128
v 0.08838834 0.375 -0.05713833
v -0.00346615 0.25 -0.07576927
v 0.05870887 0.328125 -0.16004136
v 0.08838834 0.3125 -0.05713833
v 0.05870887 0.375 -0.16004136
v 0.05870887 0.328125 -0.16004136
v -0.00346615 0.25 -0.07576927
v -0.00346615 0.3125 -0.07576927
v 0.05870887 0.375 -0.16004136
v -0.00346615 0.3125 -0.07576927
v 0.08838834 0.375 -0.05713833
v 0.05870887 0.328125 -0.16004136
v 0.19351214 0.3125 -0.21717956
v 0.08838834 0.3125 -0.05713833
v 0.14931797 0.375 -0.17298539
v 0.19351214 0.3125 -0.21717956
v 0.05870887 0.328125 -0.16004136
v 0.05870887 0.375 -0.16004136
v 0.14931797 0.375 -0.17298539
v 0.05870887 0.375 -0.16004136
v 0.08838834 0.375 -0.05713833
v 0.19351214 0.3125 -0.21717956
v 0.24842958 0.3125 -0.16226211
v 0.08838834 0.3125 -0.05713833
v 0.20423541 0.375 -0.11806795
v 0.24842958 0.3125 -0.16226211
v 0.19351214 0.3125 -0.21717956
v 0.14931797 0.375 -0.17298539
v 0.20423541 0.375 -0.11806795
v 0.14931797 0.375 -0.17298539
v 0.08838834 0.375 -0.05713833
v 0.24842958 0.3125 -0.16226211
v 0.19129137 0.328125 -0.02745885
v 0.08838834 0.3125 -0.05713833
v 0.19129137 0.375 -0.02745885
v 0.19129137 0.328125 -0.02745885
v 0.24842958 0.3125 -0.16226211
v 0.20423541 0.375 -0.11806795
v 0.19129137 0.375 -0.02745885
v 0.20423541 0.375 -0.11806795
v 0.08838834 0.375 -0.05713833
v 0.19129137 0.328125 -0.02745885
v 0.10701927 0.25 0.03471616
v 0.08838834 0.3125 -0.05713833
v 0.10701927 0.3125 0.03471616
v 0.10701927 0.25 0.03471616
v 0.19129137 0.328125 -0.02745885
v 0.19129137 0.375 -0.02745885
v 0.10701927 0.3125 0.03471616
v 0.19129137 0.375 -0.02745885
v 0.08838834 0.375 -0.05713833
v 0.10701927 0.25 0.03471616
v 0.02745872 0.25 0.05870872
v 0.08838834 0.3125 -0.05713833
v 0.02745872 0.3125 0.05870872
v 0.02745872 0.25 0.05870872
v 0.10701927 0.25 0.03471616
v 0.10701927 0.3125 0.03471616
v 0.02745872 0.3125 0.05870872
v 0.10701927 0.3125 0.03471616
v 0.08838834 0.375 -0.05713833
v 0.02745872 0.25 0.05870872
v -0.02745872 0.25 0.00379128
v 0.08838834 0.3125 -0.05713833
v -0.02745872 0.3125 0.00379128
v -0.02745872 0.25 0.00379128
v 0.02745872 0.25 0.05870872
v 0.02745872 0.3125 0.05870872
v -0.02745872 0.3125 0.00379128
v 0.02745872 0.3125 0.05870872
v 0.08838834 0.375 -0.05713833
vn -0.49032 -0.83088 0.26311
vn 0.88115 0 -0.47284
vn 0.49032 0.83088 -0.26311
vn -0.20872 -0.76531 0.60888
vn 0.98881 0 -0.1492
vn 0.29061 0.79917 -0.52619
vn 0.18481 -0.98203 -0.03828
vn 0.83972 0.38398 0.38398
vn 0 1 0
vn -0 -1 0
vn 0 0.70711 0.70711
vn -0.18481 -0.98203 -0.03828
vn -0.92699 0 0.37509
vn 0.20872 -0.76531 0.60888
vn -0.98881 0 -0.1492
vn -0.29061 0.79917 -0.52619
vn 0.49032 -0.83088 0.26311
vn -0.88115 0 -0.47284
vn -0.49032 0.83088 -0.26311
vn 0 -0.89443 0.44721
vn 0 0 -1
vn 0 0.89443 -0.44721
vt 0.51705 0.35157
vt 0.52922 0.33737
vt 0.55044 0.35164
vt 0.34481 0.26456
vt 0.34481 0.25106
vt 0.35831 0.25106
vt 0.35831 0.26456
vt 0.65768 0.80546
vt 0.67188 0.79329
vt 0.67195 0.82668
vt 0.54825 0.72717
vt 0.57818 0.72719
vt 0.56408 0.74731
vt 0.39972 0.31103
vt 0.39124 0.30412
vt 0.39101 0.27428
vt 0.40234 0.28344
vt 0.03193 0.40491
vt 0.0319 0.37711
vt 0.05258 0.39217
vt 0.42402 0.52708
vt 0.39548 0.50819
vt 0.44047 0.50826
vt 0.64296 0.90504
vt 0.62745 0.89105
vt 0.66146 0.89126
vt 0.66262 0.9014
vt 0.45514 0.7515
vt 0.46727 0.76809
vt 0.44621 0.78005
vt 0.41082 0.47253
vt 0.39335 0.47615
vt 0.39314 0.43116
vt 0.28231 0.26456
vt 0.28231 0.25106
vt 0.29581 0.25106
vt 0.29581 0.26456
vt 0.43662 0.7511
vt 0.454 0.7511
vt 0.44531 0.77975
vt 0.51858 0.50819
vt 0.49004 0.52708
vt 0.47359 0.50826
vt 0.32366 0.32671
vt 0.31312 0.32551
vt 0.3129 0.29151
vt 0.32537 0.30712
vt 0.42336 0.76809
vt 0.43549 0.7515
vt 0.44442 0.78005
vt 0.56432 0.80474
vt 0.5643 0.77481
vt 0.58444 0.79064
vt 0.47086 0.3897
vt 0.46175 0.37549
vt 0.49169 0.37575
vt 0.49856 0.38708
vt 0.56461 0.41533
vt 0.59241 0.41536
vt 0.57967 0.436
vt 0.21191 0.31828
vt 0.2261 0.30612
vt 0.22617 0.3395
vt 0.31356 0.26456
vt 0.31356 0.25106
vt 0.32706 0.25106
vt 0.32706 0.26456
vt 0.00423 0.35892
vt 0.01639 0.34472
vt 0.03761 0.35899
vt 0.61297 0.96699
vt 0.62984 0.96231
vt 0.63005 0.99575
vt 0.73544 0.90519
vt 0.73544 0.89169
vt 0.74894 0.89169
vt 0.74894 0.90519
vt 0.20672 0.37604
vt 0.22359 0.37136
vt 0.2238 0.4048
usemtl mat0
f 241/241/67 242/242/67 243/243/67
f 244/244/68 245/245/68 246/246/68
f 244/244/68 246/246/68 247/247/68
f 248/248/69 249/249/69 250/250/69
f 251/251/70 252/252/70 253/253/70
f 254/254/71 255/255/71 256/256/71
f 254/254/71 256/256/71 257/257/71
f 258/258/72 259/259/72 260/260/72
f 261/261/73 262/262/73 263/263/73
f 264/264/74 265/265/74 266/266/74
f 264/264/74 266/266/74 267/267/74
f 268/268/75 269/269/75 270/270/75
f 271/271/76 272/272/76 273/273/76
f 274/274/77 275/275/77 276/276/77
f 274/274/77 276/276/77 277/277/77
f 278/278/75 279/279/75 280/280/75
f 281/281/78 282/282/78 283/283/78
f 284/284/79 285/285/79 286/286/79
f 284/284/79 286/286/79 287/287/79
f 288/288/75 289/289/75 290/290/75
f 291/291/80 292/292/80 293/293/80
f 294/294/81 295/295/81 296/296/81
f 294/294/81 296/296/81 297/297/81
f 298/298/82 299/299/82 300/300/82
f 301/301/83 302/302/83 303/303/83
f 304/304/84 305/305/84 306/306/84
f 304/304/84 306/306/84 307/307/84
f 308/308/85 309/309/85 310/310/85
f 311/311/86 312/312/86 313/313/86
f 314/314/87 315/315/87 316/316/87
f 314/314/87 316/316/87 317/317/87
f 318/318/88 319/319/88 320/320/88
# Vertices: 80, normals: 22, texture coordinates: 80, faces: 32

o obj5
v -0.02745875 0.60610057 -0.00804633
v -0.06629126 0.61116922 0.03045395
v 0 0.62459898 0.05638158
v -0.02745875 0.60610057 -0.00804633
v -0.0388325 0.57229848 -0.0312919
v -0.09375001 0.57946665 0.02315578
v -0.06629126 0.61116922 0.03045395
v -0.0388325 0.57229848 -0.0312919
v -0.02745875 0.54566457 -8.978E-05
v -0.06629126 0.55073323 0.0384105
v -0.09375001 0.57946665 0.02315578
v -0.06629126 0.55073323 0.0384105
v -0.02745875 0.54566457 -8.978E-05
v -0 0.54714235 0.06657894
v -0.06629126 0.61116922 0.03045395
v -0.06629126 0.6183374 0.08490163
v 0 0.62459898 0.05638158
v -0.06629126 0.61116922 0.03045395
v -0.09375001 0.57946665 0.02315578
v -0.09375001 0.58960397 0.10015635
v -0.06629126 0.6183374 0.08490163
v -0.09375001 0.57946665 0.02315578
v -0.06629126 0.55073323 0.0384105
v -0.06629126 0.5579014 0.09285818
v -0.09375001 0.58960397 0.10015635
v -0.06629126 0.5579014 0.09285818
v -0.06629126 0.55073323 0.0384105
v -0 0.54714235 0.06657894
v -0.06629126 0.6183374 0.08490163
v -0.02745875 0.62340605 0.12340192
v 0 0.62459898 0.05638158
v -0.06629126 0.6183374 0.08490163
v -0.09375001 0.58960397 0.10015635
v -0.0388325 0.59677214 0.15460403
v -0.02745875 0.62340605 0.12340192
v -0.09375001 0.58960397 0.10015635
v -0.06629126 0.5579014 0.09285818
v -0.02745875 0.56297006 0.13135847
v -0.0388325 0.59677214 0.15460403
v -0.02745875 0.56297006 0.13135847
v -0.06629126 0.5579014 0.09285818
v -0 0.54714235 0.06657894
v -0.02745875 0.62340605 0.12340192
v 0.02745875 0.62340605 0.12340192
v 0 0.62459898 0.05638158
v -0.02745875 0.62340605 0.12340192
v -0.0388325 0.59677214 0.15460403
v 0.0388325 0.59677214 0.15460403
v 0.02745875 0.62340605 0.12340192
v -0.0388325 0.59677214 0.15460403
v -0.02745875 0.56297006 0.13135847
v 0.02745875 0.56297006 0.13135847
v 0.0388325 0.59677214 0.15460403
v 0.02745875 0.56297006 0.13135847
v -0.02745875 0.56297006 0.13135847
v -0 0.54714235 0.06657894
v 0.02745875 0.62340605 0.12340192
v 0.06629126 0.6183374 0.08490163
v 0 0.62459898 0.05638158
v 0.02745875 0.62340605 0.12340192
v 0.0388325 0.59677214 0.15460403
v 0.09375001 0.58960397 0.10015635
v 0.06629126 0.6183374 0.08490163
v 0.0388325 0.59677214 0.15460403
v 0.02745875 0.56297006 0.13135847
v 0.06629126 0.5579014 0.09285818
v 0.09375001 0.58960397 0.10015635
v 0.06629126 0.5579014 0.09285818
v 0.02745875 0.56297006 0.13135847
v -0 0.54714235 0.06657894
v 0.06629126 0.6183374 0.08490163
v 0.06629126 0.61116922 0.03045395
v 0 0.62459898 0.05638158
v 0.06629126 0.6183374 0.08490163
v 0.09375001 0.58960397 0.10015635
v 0.09375001 0.57946665 0.02315578
v 0.06629126 0.61116922 0.03045395
v 0.09375001 0.58960397 0.10015635
v 0.06629126 0.5579014 0.09285818
v 0.06629126 0.55073323 0.0384105
v 0.09375001 0.57946665 0.02315578
v 0.06629126 0.55073323 0.0384105
v 0.06629126 0.5579014 0.09285818
v -0 0.54714235 0.06657894
v 0.06629126 0.61116922 0.03045395
v 0.02745875 0.60610057 -0.00804633
v 0 0.62459898 0.05638158
v 0.06629126 0.61116922 0.03045395
v 0.09375001 0.57946665 0.02315578
v 0.0388325 0.57229848 -0.0312919
v 0.02745875 0.60610057 -0.00804633
v 0.09375001 0.57946665 0.02315578
v 0.06629126 0.55073323 0.0384105
v 0.02745875 0.54566457 -8.978E-05
v 0.0388325 0.57229848 -0.0312919
v 0.02745875 0.54566457 -8.978E-05
v 0.06629126 0.55073323 0.0384105
v -0 0.54714235 0.06657894
v 0.02745875 0.60610057 -0.00804633
v -0.02745875 0.60610057 -0.00804633
v 0 0.62459898 0.05638158
v 0.02745875 0.60610057 -0.00804633
v 0.0388325 0.57229848 -0.0312919
v -0.0388325 0.57229848 -0.0312919
v -0.02745875 0.60610057 -0.00804633
v 0.0388325 0.57229848 -0.0312919
v 0.02745875 0.54566457 -8.978E-05
v -0.02745875 0.54566457 -8.978E-05
v -0.0388325 0.57229848 -0.0312919
v -0.02745875 0.54566457 -8.978E-05
v 0.02745875 0.54566457 -8.978E-05
v -0 0.54714235 0.06657894
vn 0.10476 0.98896 0.10476
vn 0.52535 0.66934 0.52535
vn 0.52535 -0.66934 0.52535
vn 0.07674 -0.99409 0.07674
vn 0.14815 0.98896 0
vn 0.74296 0.66934 0
vn 0.74296 -0.66934 0
vn 0.10852 -0.99409 0
vn 0.10476 0.98896 -0.10476
vn 0.52535 0.66934 -0.52535
vn 0.52535 -0.66934 -0.52535
vn 0.07674 -0.99409 -0.07674
vn 0 0.98896 -0.14815
vn 0 0.66934 -0.74296
vn 0 -0.66934 -0.74296
vn 0 -0.99409 -0.10852
vn -0.10476 0.98896 -0.10476
vn -0.52535 0.66934 -0.52535
vn -0.52535 -0.66934 -0.52535
vn -0.07674 -0.99409 -0.07674
vn -0.14815 0.98896 0
vn -0.74296 0.66934 0
vn -0.74296 -0.66934 0
vn -0.10852 -0.99409 -0
vn -0.10476 0.98896 0.10476
vn -0.52535 0.66934 0.52535
vn -0.52535 -0.66934 0.52535
vn -0.07674 -0.99409 0.07674
vn -0 0.98896 0.14815
vn 0 0.66934 0.74296
vn 0 -0.66934 0.74296
vn 0 -0.99409 0.10852
vt 0.14498 0.23754
vt 0.15554 0.23321
vt 0.15568 0.24861
vt 0.71098 0.81137
vt 0.70832 0.79781
vt 0.72539 0.79781
vt 0.72273 0.81137
vt 0.70832 0.71781
vt 0.71098 0.70425
vt 0.72273 0.70425
vt 0.72539 0.71781
vt 0.38772 0.23893
vt 0.37718 0.24327
vt 0.37704 0.22795
vt 0.09773 0.24929
vt 0.10206 0.23873
vt 0.11314 0.24943
vt 0.70897 0.96762
vt 0.70631 0.95406
vt 0.72338 0.95406
vt 0.72072 0.96762
vt 0.06568 0.29594
vt 0.06834 0.28238
vt 0.0801 0.28238
vt 0.08276 0.29594
vt 0.2471 0.23893
vt 0.23655 0.24327
vt 0.23641 0.22795
vt 0.17331 0.23754
vt 0.18387 0.23321
vt 0.18401 0.24861
vt 0.70696 0.48325
vt 0.7043 0.46969
vt 0.72137 0.46969
vt 0.71871 0.48325
vt 0.7043 0.84281
vt 0.70696 0.82925
vt 0.71871 0.82925
vt 0.72137 0.84281
vt 0.48816 0.23509
vt 0.48382 0.24563
vt 0.47284 0.23495
vt 0.00289 0.23754
vt 0.01345 0.23321
vt 0.0136 0.24861
vt 0.69334 0.35825
vt 0.69068 0.34469
vt 0.70776 0.34469
vt 0.7051 0.35825
vt 0.51881 0.31156
vt 0.52147 0.298
vt 0.53322 0.298
vt 0.53588 0.31156
vt 0.76272 0.81706
vt 0.75218 0.8214
vt 0.75204 0.80607
vt 0.0356 0.23754
vt 0.04616 0.23321
vt 0.04631 0.24861
vt 0.71098 0.68637
vt 0.70832 0.67281
vt 0.72539 0.67281
vt 0.72273 0.68637
vt 0.34894 0.29594
vt 0.3516 0.28238
vt 0.36336 0.28238
vt 0.36602 0.29594
vt 0.45022 0.23893
vt 0.43968 0.24327
vt 0.43954 0.22795
vt 0.75398 0.96804
vt 0.75831 0.95748
vt 0.76939 0.96818
vt 0.70897 0.87387
vt 0.70631 0.86031
vt 0.72338 0.86031
vt 0.72072 0.87387
vt 0.70631 0.99906
vt 0.70897 0.9855
vt 0.72072 0.9855
vt 0.72338 0.99906
vt 0.76272 0.70768
vt 0.75218 0.71202
vt 0.75204 0.6967
vt 0.75143 0.86254
vt 0.76199 0.85821
vt 0.76214 0.87361
vt 0.70696 0.452
vt 0.7043 0.43844
vt 0.72137 0.43844
vt 0.71871 0.452
vt 0.56367 0.29594
vt 0.56633 0.28238
vt 0.57808 0.28238
vt 0.58075 0.29594
vt 0.41897 0.23893
vt 0.40843 0.24327
vt 0.40829 0.22795
vt 0.75398 0.99929
vt 0.75831 0.98873
vt 0.76939 0.99943
vt 0.69334 0.3895
vt 0.69068 0.37594
vt 0.70776 0.37594
vt 0.7051 0.3895
vt 0.69068 0.32719
vt 0.69334 0.31363
vt 0.7051 0.31363
vt 0.70776 0.32719
vt 0.21585 0.23893
vt 0.2053 0.24327
vt 0.20516 0.22795
usemtl mat0
f 321/321/89 322/322/89 323/323/89
f 324/324/90 325/325/90 326/326/90
f 324/324/90 326/326/90 327/327/90
f 328/328/91 329/329/91 330/330/91
f 328/328/91 330/330/91 331/331/91
f 332/332/92 333/333/92 334/334/92
f 335/335/93 336/336/93 337/337/93
f 338/338/94 339/339/94 340/340/94
f 338/338/94 340/340/94 341/341/94
f 342/342/95 343/343/95 344/344/95
f 342/342/95 344/344/95 345/345/95
f 346/346/96 347/347/96 348/348/96
f 349/349/97 350/350/97 351/351/97
f 352/352/98 353/353/98 354/354/98
f 352/352/98 354/354/98 355/355/98
f 356/356/99 357/357/99 358/358/99
f 356/356/99 358/358/99 359/359/99
f 360/360/100 361/361/100 362/362/100
f 363/363/101 364/364/101 365/365/101
f 366/366/102 367/367/102 368/368/102
f 366/366/102 368/368/102 369/369/102
f 370/370/103 371/371/103 372/372/103
f 370/370/103 372/372/103 373/373/103
f 374/374/104 375/375/104 376/376/104
f 377/377/105 378/378/105 379/379/105
f 380/380/106 381/381/106 382/382/106
f 380/380/106 382/382/106 383/383/106
f 384/384/107 385/385/107 386/386/107
f 384/384/107 386/386/107 387/387/107
f 388/388/108 389/389/108 390/390/108
f 391/391/109 392/392/109 393/393/109
f 394/394/110 395/395/110 396/396/110
f 394/394/110 396/396/110 397/397/110
f 398/398/111 399/399/111 400/400/111
f 398/398/111 400/400/111 401/401/111
f 402/402/112 403/403/112 404/404/112
f 405/405/113 406/406/113 407/407/113
f 408/408/114 409/409/114 410/410/114
f 408/408/114 410/410/114 411/411/114
f 412/412/115 413/413/115 414/414/115
f 412/412/115 414/414/115 415/415/115
f 416/416/116 417/417/116 418/418/116
f 419/419/117 420/420/117 421/421/117
f 422/422/118 423/423/118 424/424/118
f 422/422/118 424/424/118 425/425/118
f 426/426/119 427/427/119 428/428/119
f 426/426/119 428/428/119 429/429/119
f 430/430/120 431/431/120 432/432/120
# Vertices: 112, normals: 32, texture coordinates: 112, faces: 48

o obj6
v -0.03125 0.25 0.02196687
v -0.01294438 0.25 0
v -0 0.25 0.0375
v -0.01294438 0.75 0
v -0.01294438 0.5 0.05
v -0.03125 0.5 0.07196688
v -0.03125 0.75 0.02196687
v -0.01294438 0.75 0
v -0.03125 0.75 0.02196687
v -0 0.75 0.0375
v -0.03125 0.25 0.05303312
v -0.03125 0.25 0.02196687
v -0 0.25 0.0375
v -0.03125 0.75 0.02196687
v -0.03125 0.5 0.07196688
v -0.03125 0.5 0.10303313
v -0.03125 0.75 0.05303312
v -0.03125 0.75 0.02196687
v -0.03125 0.75 0.05303312
v -0 0.75 0.0375
v -0.01294438 0.25 0.075
v -0.03125 0.25 0.05303312
v -0 0.25 0.0375
v -0.03125 0.75 0.05303312
v -0.03125 0.5 0.10303313
v -0.01294438 0.5 0.125
v -0.01294438 0.75 0.075
v -0.03125 0.75 0.05303312
v -0.01294438 0.75 0.075
v -0 0.75 0.0375
v 0.01294438 0.25 0.075
v -0.01294438 0.25 0.075
v -0 0.25 0.0375
v -0.01294438 0.75 0.075
v -0.01294438 0.5 0.125
v 0.01294438 0.5 0.125
v 0.01294438 0.75 0.075
v -0.01294438 0.75 0.075
v 0.01294438 0.75 0.075
v -0 0.75 0.0375
v 0.03125 0.25 0.05303312
v 0.01294438 0.25 0.075
v -0 0.25 0.0375
v 0.01294438 0.75 0.075
v 0.01294438 0.5 0.125
v 0.03125 0.5 0.10303313
v 0.03125 0.75 0.05303312
v 0.01294438 0.75 0.075
v 0.03125 0.75 0.05303312
v -0 0.75 0.0375
v 0.03125 0.25 0.02196687
v 0.03125 0.25 0.05303312
v -0 0.25 0.0375
v 0.03125 0.75 0.05303312
v 0.03125 0.5 0.10303313
v 0.03125 0.5 0.07196688
v 0.03125 0.75 0.02196687
v 0.03125 0.75 0.05303312
v 0.03125 0.75 0.02196687
v -0 0.75 0.0375
v 0.01294438 0.25 0
v 0.03125 0.25 0.02196687
v -0 0.25 0.0375
v 0.03125 0.75 0.02196687
v 0.03125 0.5 0.07196688
v 0.01294438 0.5 0.05
v 0.01294438 0.75 0
v 0.03125 0.75 0.02196687
v 0.01294438 0.75 0
v -0 0.75 0.0375
v -0.01294438 0.25 0
v 0.01294438 0.25 0
v -0 0.25 0.0375
v 0.01294438 0.75 0
v 0.01294438 0.5 0.05
v -0.01294438 0.5 0.05
v -0.01294438 0.75 0
v 0.01294438 0.75 0
v -0.01294438 0.75 0
v -0 0.75 0.0375
v 0.03125 0.25 0.02196687
v 0.03125 0.5 0.07196688
v 0.03125 0.5 0.10303313
v 0.03125 0.25 0.05303312
v 0.03125 0.25 0.05303312
v 0.03125 0.5 0.10303313
v 0.01294438 0.5 0.125
v 0.01294438 0.25 0.075
v 0.01294438 0.25 0.075
v 0.01294438 0.5 0.125
v -0.01294438 0.5 0.125
v -0.01294438 0.25 0.075
v -0.01294438 0.25 0.075
v -0.01294438 0.5 0.125
v -0.03125 0.5 0.10303313
v -0.03125 0.25 0.05303312
v -0.03125 0.25 0.05303312
v -0.03125 0.5 0.10303313
v -0.03125 0.5 0.07196688
v -0.03125 0.25 0.02196687
v -0.03125 0.25 0.02196687
v -0.03125 0.5 0.07196688
v -0.01294438 0.5 0.05
v -0.01294438 0.25 0
v -0.01294438 0.25 0
v -0.01294438 0.5 0.05
v 0.01294438 0.5 0.05
v 0.01294438 0.25 0
v 0.01294438 0.25 0
v 0.01294438 0.5 0.05
v 0.03125 0.5 0.07196688
v 0.03125 0.25 0.02196687
vn -0 -1 0
vn 0.762 -0.127 0.635
vn 0 1 0
vn 1 0 0
vn 0.762 0.127 -0.635
vn 0 0.19612 -0.98058
vn -0.762 0.127 -0.635
vn -1 0 0
vn -0.762 -0.127 0.635
vn 0 -0.19612 0.98058
vn -0.762 -0.127 -0.635
vn 0 -0.19612 -0.98058
vn 0.762 -0.127 -0.635
vn 0.762 0.127 0.635
vn 0 0.19612 0.98058
vn -0.762 0.127 0.635
vt 0.3652 0.33708
vt 0.36052 0.34176
vt 0.35688 0.33345
vt 0.43796 0.99383
vt 0.43798 0.93329
vt 0.45266 0.93163
vt 0.45264 0.99217
vt 0.68864 0.74418
vt 0.69332 0.74886
vt 0.68501 0.75249
vt 0.36592 0.32872
vt 0.36592 0.33534
vt 0.35747 0.33203
vt 0.00371 0.92002
vt 0.01839 0.86137
vt 0.02754 0.86123
vt 0.01286 0.91988
vt 0.69404 0.7506
vt 0.69404 0.75721
vt 0.68559 0.75391
vt 0.36052 0.3223
vt 0.3652 0.32698
vt 0.35688 0.33062
vt 0.43796 0.73243
vt 0.43798 0.67189
vt 0.45266 0.67023
vt 0.45264 0.73077
vt 0.69332 0.75896
vt 0.68864 0.76363
vt 0.68501 0.75532
vt 0.35216 0.32158
vt 0.35878 0.32158
vt 0.35547 0.33003
vt 0.32861 0.52931
vt 0.32861 0.47069
vt 0.34326 0.47069
vt 0.34326 0.52931
vt 0.6869 0.76436
vt 0.68029 0.76436
vt 0.68359 0.75591
vt 0.34574 0.32698
vt 0.35042 0.3223
vt 0.35405 0.33062
vt 0.45733 0.56202
vt 0.3968 0.56204
vt 0.39845 0.54736
vt 0.45899 0.54734
vt 0.67854 0.76363
vt 0.67387 0.75896
vt 0.68218 0.75532
vt 0.34502 0.33534
vt 0.34502 0.32872
vt 0.35347 0.33203
vt 0.09652 0.99801
vt 0.08183 0.93935
vt 0.09098 0.93949
vt 0.10567 0.99815
vt 0.67314 0.75721
vt 0.67314 0.7506
vt 0.68159 0.75391
vt 0.35042 0.34176
vt 0.34574 0.33708
vt 0.35405 0.33345
vt 0.48436 0.64014
vt 0.42382 0.64016
vt 0.42548 0.62548
vt 0.48602 0.62546
vt 0.67387 0.74886
vt 0.67854 0.74418
vt 0.68218 0.75249
vt 0.35878 0.34248
vt 0.35216 0.34248
vt 0.35547 0.33403
vt 0.18799 0.52931
vt 0.18799 0.47069
vt 0.20264 0.47069
vt 0.20264 0.52931
vt 0.68029 0.74346
vt 0.6869 0.74346
vt 0.68359 0.75191
vt 0.10567 0.87685
vt 0.09098 0.93551
vt 0.08183 0.93565
vt 0.09652 0.87699
vt 0.01516 0.47851
vt 0.01514 0.53904
vt 0.00046 0.5407
vt 0.00048 0.48017
vt 0.49951 0.78319
vt 0.49951 0.84181
vt 0.48486 0.84181
vt 0.48486 0.78319
vt 0.44111 0.89111
vt 0.50164 0.89109
vt 0.49998 0.90577
vt 0.43945 0.90579
vt 0.01286 0.79887
vt 0.02754 0.85752
vt 0.01839 0.85738
vt 0.00371 0.79873
vt 0.44533 0.85986
vt 0.50587 0.85984
vt 0.50421 0.87452
vt 0.44367 0.87454
vt 0.31201 0.47069
vt 0.31201 0.52931
vt 0.29736 0.52931
vt 0.29736 0.47069
vt 0.37454 0.49836
vt 0.37452 0.55889
vt 0.35984 0.56055
vt 0.35986 0.50002
usemtl mat0
f 433/433/121 434/434/121 435/435/121
f 436/436/122 437/437/122 438/438/122
f 436/436/122 438/438/122 439/439/122
f 440/440/123 441/441/123 442/442/123
f 443/443/121 444/444/121 445/445/121
f 446/446/124 447/447/124 448/448/124
f 446/446/124 448/448/124 449/449/124
f 450/450/123 451/451/123 452/452/123
f 453/453/121 454/454/121 455/455/121
f 456/456/125 457/457/125 458/458/125
f 456/456/125 458/458/125 459/459/125
f 460/460/123 461/461/123 462/462/123
f 463/463/121 464/464/121 465/465/121
f 466/466/126 467/467/126 468/468/126
f 466/466/126 468/468/126 469/469/126
f 470/470/123 471/471/123 472/472/123
f 473/473/121 474/474/121 475/475/121
f 476/476/127 477/477/127 478/478/127
f 476/476/127 478/478/127 479/479/127
f 480/480/123 481/481/123 482/482/123
f 483/483/121 484/484/121 485/485/121
f 486/486/128 487/487/128 488/488/128
f 486/486/128 488/488/128 489/489/128
f 490/490/123 491/491/123 492/492/123
f 493/493/121 494/494/121 495/495/121
f 496/496/129 497/497/129 498/498/129
f 496/496/129 498/498/129 499/499/129
f 500/500/123 501/501/123 502/502/123
f 503/503/121 504/504/121 505/505/121
f 506/506/130 507/507/130 508/508/130
f 506/506/130 508/508/130 509/509/130
f 510/510/123 511/511/123 512/512/123
f 513/513/128 514/514/128 515/515/128
f 513/513/128 515/515/128 516/516/128
f 517/517/131 518/518/131 519/519/131
f 517/517/131 519/519/131 520/520/131
f 521/521/132 522/522/132 523/523/132
f 521/521/132 523/523/132 524/524/132
f 525/525/133 526/526/133 527/527/133
f 525/525/133 527/527/133 528/528/133
f 529/529/124 530/530/124 531/531/124
f 529/529/124 531/531/124 532/532/124
f 533/533/134 534/534/134 535/535/134
f 533/533/134 535/535/134 536/536/134
f 537/537/135 538/538/135 539/539/135
f 537/537/135 539/539/135 540/540/135
f 541/541/136 542/542/136 543/543/136
f 541/541/136 543/543/136 544/544/136
# Vertices: 112, normals: 16, texture coordinates: 112, faces: 48

o obj7
v -0.078125 0.98551137 0.29440341
v -0.0388325 1.05046107 0.26059274
v 0 0.968444 0.37374949
v -0.0388325 1.05046107 0.26059274
v -0.078125 0.98551137 0.29440341
v -0.078125 1.01437065 0.34984158
v -0.0388325 1.06369542 0.31603068
v -0.0388325 1.06369542 0.31603068
v -0.078125 1.01437065 0.34984158
v -0 0.99730329 0.42918766
v -0.09375 0.92973218 0.41151693
v -0.078125 0.98551137 0.29440341
v 0 0.968444 0.37374949
v -0.078125 0.98551137 0.29440341
v -0.09375 0.92973218 0.41151693
v -0.09375 0.95137665 0.45309556
v -0.078125 1.01437065 0.34984158
v -0.078125 1.01437065 0.34984158
v -0.09375 0.95137665 0.45309556
v -0 0.99730329 0.42918766
v -0.0388325 0.80212947 0.46032735
v -0.09375 0.92973218 0.41151693
v 0 0.968444 0.37374949
v -0.09375 0.92973218 0.41151693
v -0.0388325 0.80212947 0.46032735
v -0.0388325 0.88642694 0.48690624
v -0.09375 0.95137665 0.45309556
v -0.09375 0.95137665 0.45309556
v -0.0388325 0.88642694 0.48690624
v -0 0.99730329 0.42918766
v 0.0388325 0.80212947 0.46032735
v -0.0388325 0.80212947 0.46032735
v 0 0.968444 0.37374949
v -0.0388325 0.80212947 0.46032735
v 0.0388325 0.80212947 0.46032735
v 0.0388325 0.88642694 0.48690624
v -0.0388325 0.88642694 0.48690624
v -0.0388325 0.88642694 0.48690624
v 0.0388325 0.88642694 0.48690624
v -0 0.99730329 0.42918766
v 0.09375 0.92973218 0.41151693
v 0.0388325 0.80212947 0.46032735
v 0 0.968444 0.37374949
v 0.0388325 0.80212947 0.46032735
v 0.09375 0.92973218 0.41151693
v 0.09375 0.95137665 0.45309556
v 0.0388325 0.88642694 0.48690624
v 0.0388325 0.88642694 0.48690624
v 0.09375 0.95137665 0.45309556
v -0 0.99730329 0.42918766
v 0.078125 0.98551137 0.29440341
v 0.09375 0.92973218 0.41151693
v 0 0.968444 0.37374949
v 0.09375 0.92973218 0.41151693
v 0.078125 0.98551137 0.29440341
v 0.078125 1.01437065 0.34984158
v 0.09375 0.95137665 0.45309556
v 0.09375 0.95137665 0.45309556
v 0.078125 1.01437065 0.34984158
v -0 0.99730329 0.42918766
v 0.0388325 1.05046107 0.26059274
v 0.078125 0.98551137 0.29440341
v 0 0.968444 0.37374949
v 0.078125 0.98551137 0.29440341
v 0.0388325 1.05046107 0.26059274
v 0.0388325 1.06369542 0.31603068
v 0.078125 1.01437065 0.34984158
v 0.078125 1.01437065 0.34984158
v 0.0388325 1.06369542 0.31603068
v -0 0.99730329 0.42918766
v -0.0075825 0.91140245 0.12055794
v 0.0075825 0.91140245 0.12055794
v 0 0.91254266 0.19042576
v 0.0388325 1.05046107 0.26059274
v -0.0388325 1.05046107 0.26059274
v -0.0388325 1.06369542 0.31603068
v 0.0388325 1.06369542 0.31603068
v 0.0388325 1.06369542 0.31603068
v -0.0388325 1.06369542 0.31603068
v -0 0.99730329 0.42918766
v 0.0075825 0.91140245 0.12055794
v -0.0075825 0.91140245 0.12055794
v -0.0388325 1.05046107 0.26059274
v 0.0388325 1.05046107 0.26059274
v 0 0.91254266 0.19042576
v 0.0075825 0.91140245 0.12055794
v 0.0388325 1.05046107 0.26059274
v 0 0.968444 0.37374949
v -0.0075825 0.91140245 0.12055794
v 0 0.91254266 0.19042576
v 0 0.968444 0.37374949
v -0.0388325 1.05046107 0.26059274
vn -0.49032 -0.83088 -0.26311
vn 0.88115 0 0.47284
vn 0.4146 0.82906 0.37518
vn -0.20872 -0.76531 -0.60888
vn 0.98881 0 0.1492
vn 0.29061 0.79917 0.52619
vn 0.18481 -0.98203 0.03828
vn 0.83972 0.38398 -0.38398
vn 0 1 0
vn 0 -1 0
vn 0 0.70711 -0.70711
vn -0.18481 -0.98203 0.03828
vn -0.92699 0 -0.37509
vn 0.20872 -0.76531 -0.60888
vn -0.98881 0 0.1492
vn -0.29061 0.79917 0.52619
vn 0.49032 -0.83088 -0.26311
vn -0.87502 0.11771 0.46955
vn -0.4146 0.82906 0.37518
vn -0 -0.44721 -0.89443
vn 0 0.24317 0.96998
vn -0 0.84713 0.53138
vn 0 -0.29737 0.95476
vn -0.94141 -0.05237 -0.33316
vn 0.93067 -0.06694 -0.35969
vt 0.66503 0.97453
vt 0.67923 0.96237
vt 0.6793 0.99575
vt 0.50114 0.2666
vt 0.51459 0.26671
vt 0.51465 0.28011
vt 0.50403 0.27831
vt 0.67816 0.93704
vt 0.68756 0.92415
vt 0.70948 0.93714
vt 0.54869 0.69536
vt 0.54867 0.66543
vt 0.56881 0.68127
vt 0.618 0.62549
vt 0.64794 0.62575
vt 0.65481 0.63708
vt 0.62711 0.6397
vt 0.47086 0.41533
vt 0.49866 0.41536
vt 0.48592 0.436
vt 0.51858 0.93007
vt 0.49004 0.94895
vt 0.47359 0.93014
vt 0.25062 0.34114
vt 0.25041 0.30714
vt 0.26398 0.32266
vt 0.26034 0.34231
vt 0.29539 0.57566
vt 0.28326 0.59225
vt 0.27433 0.5637
vt 0.52044 0.83881
vt 0.52406 0.82134
vt 0.56543 0.83902
vt 0.46981 0.26669
vt 0.48331 0.26669
vt 0.48331 0.28019
vt 0.46981 0.28019
vt 0.28213 0.59265
vt 0.26475 0.59265
vt 0.27344 0.564
vt 0.14277 0.52708
vt 0.11423 0.50819
vt 0.15922 0.50826
vt 0.58056 0.37545
vt 0.61461 0.37568
vt 0.61579 0.38772
vt 0.59612 0.38945
vt 0.26361 0.59225
vt 0.25148 0.57566
vt 0.27254 0.5637
vt 0.15762 0.4303
vt 0.18755 0.43032
vt 0.17345 0.45044
vt 0.00061 0.30412
vt 0.00039 0.27428
vt 0.01172 0.28344
vt 0.00909 0.31103
vt 0.57881 0.54554
vt 0.57878 0.51773
vt 0.59945 0.5328
vt 0.39205 0.35157
vt 0.40422 0.33737
vt 0.42544 0.35164
vt 0.68869 0.50091
vt 0.70702 0.50083
vt 0.70406 0.51308
vt 0.68864 0.51465
vt 0.67323 0.461
vt 0.68612 0.4516
vt 0.68622 0.48292
vt 0.7995 0.74397
vt 0.80237 0.74366
vt 0.8025 0.75827
vt 0.25106 0.26669
vt 0.26456 0.26669
vt 0.26456 0.28019
vt 0.25106 0.28019
vt 0.61306 0.76898
vt 0.62977 0.76403
vt 0.62998 0.79544
vt 0.22123 0.44736
vt 0.22474 0.44681
vt 0.2393 0.49153
vt 0.2212 0.49439
vt 0.37371 0.97683
vt 0.36149 0.96923
vt 0.40867 0.96939
vt 0.41293 0.99902
vt 0.28183 0.7592
vt 0.2939 0.77146
vt 0.31623 0.81073
vt 0.28201 0.80646
usemtl mat0
f 545/545/137 546/546/137 547/547/137
f 548/548/138 549/549/138 550/550/138
f 548/548/138 550/550/138 551/551/138
f 552/552/139 553/553/139 554/554/139
f 555/555/140 556/556/140 557/557/140
f 558/558/141 559/559/141 560/560/141
f 558/558/141 560/560/141 561/561/141
f 562/562/142 563/563/142 564/564/142
f 565/565/143 566/566/143 567/567/143
f 568/568/144 569/569/144 570/570/144
f 568/568/144 570/570/144 571/571/144
f 572/572/145 573/573/145 574/574/145
f 575/575/146 576/576/146 577/577/146
f 578/578/147 579/579/147 580/580/147
f 578/578/147 580/580/147 581/581/147
f 582/582/145 583/583/145 584/584/145
f 585/585/148 586/586/148 587/587/148
f 588/588/149 589/589/149 590/590/149
f 588/588/149 590/590/149 591/591/149
f 592/592/145 593/593/145 594/594/145
f 595/595/150 596/596/150 597/597/150
f 598/598/151 599/599/151 600/600/151
f 598/598/151 600/600/151 601/601/151
f 602/602/152 603/603/152 604/604/152
f 605/605/153 606/606/153 607/607/153
f 608/608/154 609/609/154 610/610/154
f 608/608/154 610/610/154 611/611/154
f 612/612/155 613/613/155 614/614/155
f 615/615/156 616/616/156 617/617/156
f 618/618/157 619/619/157 620/620/157
f 618/618/157 620/620/157 621/621/157
f 622/622/158 623/623/158 624/624/158
f 625/625/159 626/626/159 627/627/159
f 625/625/159 627/627/159 628/628/159
f 629/629/160 630/630/160 631/631/160
f 629/629/160 631/631/160 632/632/160
f 633/633/161 634/634/161 635/635/161
f 633/633/161 635/635/161 636/636/161
# Vertices: 92, normals: 25, texture coordinates: 92, faces: 38

o obj8
v 0.125 0.625 0
v -0.125 0.625 0
v -0.125 0.875 0
v 0.125 0.875 0
vn 0 0 -1
vt 0 0
vt 1 0
vt 1 1
vt 0 1
usemtl mat1
f 637/637/162 638/638/162 639/639/162
f 637/637/162 639/639/162 640/640/162
# Vertices: 4, normals: 1, texture coordinates: 4, faces: 2

o obj9
v -0.07322312 0.98927687 -0.16115187
v -0.17677687 0.98927687 -0.05759813
v 0 1.046875 0.015625
v -0.07322312 0.98927687 -0.16115187
v -0.10355312 0.8125 -0.234375
v -0.25 0.8125 -0.08792812
v -0.17677687 0.98927687 -0.05759813
v -0.10355312 0.8125 -0.234375
v -0.07322312 0.63572312 -0.16115187
v -0.17677687 0.63572312 -0.05759813
v -0.25 0.8125 -0.08792812
v -0.17677687 0.63572312 -0.05759813
v -0.07322312 0.63572312 -0.16115187
v 0 0.59375 0.015625
v -0.17677687 0.98927687 -0.05759813
v -0.17677687 0.98927687 0.08884812
v 0 1.046875 0.015625
v -0.17677687 0.98927687 -0.05759813
v -0.25 0.8125 -0.08792812
v -0.25 0.8125 0.11917812
v -0.17677687 0.98927687 0.08884812
v -0.25 0.8125 -0.08792812
v -0.17677687 0.63572312 -0.05759813
v -0.17677687 0.63572312 0.08884812
v -0.25 0.8125 0.11917812
v -0.17677687 0.63572312 0.08884812
v -0.17677687 0.63572312 -0.05759813
v 0 0.59375 0.015625
v -0.17677687 0.98927687 0.08884812
v -0.07322312 0.98927687 0.19240187
v 0 1.046875 0.015625
v -0.17677687 0.98927687 0.08884812
v -0.25 0.8125 0.11917812
v -0.10355312 0.8125 0.265625
v -0.07322312 0.98927687 0.19240187
v -0.25 0.8125 0.11917812
v -0.17677687 0.63572312 0.08884812
v -0.07322312 0.63572312 0.19240187
v -0.10355312 0.8125 0.265625
v -0.07322312 0.63572312 0.19240187
v -0.17677687 0.63572312 0.08884812
v 0 0.59375 0.015625
v -0.07322312 0.98927687 0.19240187
v 0.07322312 0.98927687 0.19240187
v 0 1.046875 0.015625
v -0.07322312 0.98927687 0.19240187
v -0.10355312 0.8125 0.265625
v 0.10355312 0.8125 0.265625
v 0.07322312 0.98927687 0.19240187
v -0.10355312 0.8125 0.265625
v -0.07322312 0.63572312 0.19240187
v 0.07322312 0.63572312 0.19240187
v 0.10355312 0.8125 0.265625
v 0.07322312 0.63572312 0.19240187
v -0.07322312 0.63572312 0.19240187
v 0 0.59375 0.015625
v 0.07322312 0.98927687 0.19240187
v 0.17677687 0.98927687 0.08884812
v 0 1.046875 0.015625
v 0.07322312 0.98927687 0.19240187
v 0.10355312 0.8125 0.265625
v 0.25 0.8125 0.11917812
v 0.17677687 0.98927687 0.08884812
v 0.10355312 0.8125 0.265625
v 0.07322312 0.63572312 0.19240187
v 0.17677687 0.63572312 0.08884812
v 0.25 0.8125 0.11917812
v 0.17677687 0.63572312 0.08884812
v 0.07322312 0.63572312 0.19240187
v 0 0.59375 0.015625
v 0.17677687 0.98927687 0.08884812
v 0.17677687 0.98927687 -0.05759813
v 0 1.046875 0.015625
v 0.17677687 0.98927687 0.08884812
v 0.25 0.8125 0.11917812
v 0.25 0.8125 -0.08792812
v 0.17677687 0.98927687 -0.05759813
v 0.25 0.8125 0.11917812
v 0.17677687 0.63572312 0.08884812
v 0.17677687 0.63572312 -0.05759813
v 0.25 0.8125 -0.08792812
v 0.17677687 0.63572312 -0.05759813
v 0.17677687 0.63572312 0.08884812
v 0 0.59375 0.015625
v 0.17677687 0.98927687 -0.05759813
v 0.07322312 0.98927687 -0.16115187
v 0 1.046875 0.015625
v 0.17677687 0.98927687 -0.05759813
v 0.25 0.8125 -0.08792812
v 0.10355312 0.8125 -0.234375
v 0.07322312 0.98927687 -0.16115187
v 0.25 0.8125 -0.08792812
v 0.17677687 0.63572312 -0.05759813
v 0.07322312 0.63572312 -0.16115187
v 0.10355312 0.8125 -0.234375
v 0.07322312 0.63572312 -0.16115187
v 0.17677687 0.63572312 -0.05759813
v 0 0.59375 0.015625
v 0.07322312 0.98927687 -0.16115187
v -0.07322312 0.98927687 -0.16115187
v 0 1.046875 0.015625
v 0.07322312 0.98927687 -0.16115187
v 0.10355312 0.8125 -0.234375
v -0.10355312 0.8125 -0.234375
v -0.07322312 0.98927687 -0.16115187
v 0.10355312 0.8125 -0.234375
v 0.07322312 0.63572312 -0.16115187
v -0.07322312 0.63572312 -0.16115187
v -0.10355312 0.8125 -0.234375
v -0.07322312 0.63572312 -0.16115187
v 0.07322312 0.63572312 -0.16115187
v 0 0.59375 0.015625
vn -0.21906 0.9508 -0.21906
vn -0.65328 0.38268 -0.65328
vn -0.65328 -0.38268 -0.65328
vn -0.16335 -0.97295 -0.16335
vn -0.30979 0.9508 0
vn -0.92388 0.38268 0
vn -0.92388 -0.38268 0
vn -0.23101 -0.97295 -0
vn -0.21906 0.9508 0.21906
vn -0.65328 0.38268 0.65328
vn -0.65328 -0.38268 0.65328
vn -0.16335 -0.97295 0.16335
vn -0 0.9508 0.30979
vn 0 0.38268 0.92388
vn 0 -0.38268 0.92388
vn 0 -0.97295 0.23101
vn 0.21906 0.9508 0.21906
vn 0.65328 0.38268 0.65328
vn 0.65328 -0.38268 0.65328
vn 0.16335 -0.97295 0.16335
vn 0.30979 0.9508 0
vn 0.92388 0.38268 0
vn 0.92388 -0.38268 0
vn 0.23101 -0.97295 0
vn 0.21906 0.9508 -0.21906
vn 0.65328 0.38268 -0.65328
vn 0.65328 -0.38268 -0.65328
vn 0.16335 -0.97295 -0.16335
vn 0 0.9508 -0.30979
vn 0 0.38268 -0.92388
vn 0 -0.38268 -0.92388
vn 0 -0.97295 -0.23101
vt 0.3498 0.81179
vt 0.36238 0.77985
vt 0.39704 0.81195
vt 0.21454 0.74882
vt 0.20715 0.70413
vt 0.2567 0.70413
vt 0.24931 0.74882
vt 0.20715 0.87399
vt 0.21454 0.82931
vt 0.24931 0.82931
vt 0.2567 0.87399
vt 0.16263 0.58952
vt 0.13082 0.60234
vt 0.13067 0.55608
vt 0.12892 0.65145
vt 0.16086 0.63887
vt 0.16101 0.6861
vt 0.21309 0.99882
vt 0.20569 0.95413
vt 0.25525 0.95413
vt 0.24785 0.99882
vt 0.12757 0.81149
vt 0.13496 0.76681
vt 0.16973 0.76681
vt 0.17712 0.81149
vt 0.09758 0.58952
vt 0.06576 0.60234
vt 0.06561 0.55608
vt 0.25142 0.63582
vt 0.28336 0.62324
vt 0.28352 0.67048
vt 0.28976 0.99882
vt 0.28236 0.95413
vt 0.33192 0.95413
vt 0.32452 0.99882
vt 0.20424 0.81149
vt 0.21163 0.76681
vt 0.2464 0.76681
vt 0.25379 0.81149
vt 0.40703 0.71165
vt 0.3942 0.74347
vt 0.36077 0.7115
vt 0.28943 0.73162
vt 0.28943 0.6973
vt 0.33344 0.71446
vt 0.13496 0.93632
vt 0.12757 0.89163
vt 0.17712 0.89163
vt 0.16973 0.93632
vt 0.12757 0.99899
vt 0.13496 0.95431
vt 0.16973 0.95431
vt 0.17712 0.99899
vt 0.41008 0.66764
vt 0.37826 0.68046
vt 0.37811 0.6342
vt 0.31892 0.65145
vt 0.35085 0.63887
vt 0.35101 0.6861
vt 0.29266 0.93632
vt 0.28527 0.89163
vt 0.33482 0.89163
vt 0.32743 0.93632
vt 0.00402 0.73337
vt 0.01141 0.68868
vt 0.04618 0.68868
vt 0.05357 0.73337
vt 0.22513 0.58952
vt 0.19332 0.60234
vt 0.19317 0.55608
vt 0.19142 0.65145
vt 0.22336 0.63887
vt 0.22351 0.6861
vt 0.21309 0.93632
vt 0.20569 0.89163
vt 0.25525 0.89163
vt 0.24785 0.93632
vt 0.04944 0.79587
vt 0.05684 0.75118
vt 0.0916 0.75118
vt 0.099 0.79587
vt 0.40988 0.85228
vt 0.39706 0.88409
vt 0.36362 0.85212
vt 0.00142 0.63582
vt 0.03336 0.62324
vt 0.03352 0.67048
vt 0.28976 0.87382
vt 0.28236 0.82913
vt 0.33192 0.82913
vt 0.32452 0.87382
vt 0.12611 0.74899
vt 0.13351 0.70431
vt 0.16827 0.70431
vt 0.17567 0.74899
vt 0.34503 0.58952
vt 0.31321 0.60234
vt 0.31306 0.55608
vt 0.06642 0.65145
vt 0.09836 0.63887
vt 0.09851 0.6861
vt 0.13496 0.87382
vt 0.12757 0.82913
vt 0.17712 0.82913
vt 0.16973 0.87382
vt 0.04944 0.85837
vt 0.05684 0.81368
vt 0.0916 0.81368
vt 0.099 0.85837
vt 0.40988 0.91478
vt 0.39706 0.94659
vt 0.36362 0.91462
usemtl mat0
f 641/641/163 642/642/163 643/643/163
f 644/644/164 645/645/164 646/646/164
f 644/644/164 646/646/164 647/647/164
f 648/648/165 649/649/165 650/650/165
f 648/648/165 650/650/165 651/651/165
f 652/652/166 653/653/166 654/654/166
f 655/655/167 656/656/167 657/657/167
f 658/658/168 659/659/168 660/660/168
f 658/658/168 660/660/168 661/661/168
f 662/662/169 663/663/169 664/664/169
f 662/662/169 664/664/169 665/665/169
f 666/666/170 667/667/170 668/668/170
f 669/669/171 670/670/171 671/671/171
f 672/672/172 673/673/172 674/674/172
f 672/672/172 674/674/172 675/675/172
f 676/676/173 677/677/173 678/678/173
f 676/676/173 678/678/173 679/679/173
f 680/680/174 681/681/174 682/682/174
f 683/683/175 684/684/175 685/685/175
f 686/686/176 687/687/176 688/688/176
f 686/686/176 688/688/176 689/689/176
f 690/690/177 691/691/177 692/692/177
f 690/690/177 692/692/177 693/693/177
f 694/694/178 695/695/178 696/696/178
f 697/697/179 698/698/179 699/699/179
f 700/700/180 701/701/180 702/702/180
f 700/700/180 702/702/180 703/703/180
f 704/704/181 705/705/181 706/706/181
f 704/704/181 706/706/181 707/707/181
f 708/708/182 709/709/182 710/710/182
f 711/711/183 712/712/183 713/713/183
f 714/714/184 715/715/184 716/716/184
f 714/714/184 716/716/184 717/717/184
f 718/718/185 719/719/185 720/720/185
f 718/718/185 720/720/185 721/721/185
f 722/722/186 723/723/186 724/724/186
f 725/725/187 726/726/187 727/727/187
f 728/728/188 729/729/188 730/730/188
f 728/728/188 730/730/188 731/731/188
f 732/732/189 733/733/189 734/734/189
f 732/732/189 734/734/189 735/735/189
f 736/736/190 737/737/190 738/738/190
f 739/739/191 740/740/191 741/741/191
f 742/742/192 743/743/192 744/744/192
f 742/742/192 744/744/192 745/745/192
f 746/746/193 747/747/193 748/748/193
f 746/746/193 748/748/193 749/749/193
f 750/750/194 751/751/194 752/752/194
# Vertices: 112, normals: 32, texture coordinates: 112, faces: 48

o obj10
v -0.09275668 0.96874999 -0.15925154
v -0.12069708 0.93213812 -0.15573318
v -0.08733712 0.90625 -0.20113076
v -0.12283471 0.93213812 -0.16160626
v -0.12069708 0.93213812 -0.15573318
v -0.09275668 0.96874999 -0.15925154
v -0.0948943 0.96874999 -0.16512462
v -0.12283471 0.93213812 -0.16160626
v -0.0948943 0.96874999 -0.16512462
v -0.09035574 0.90617625 -0.20642379
v -0.12069708 0.93213812 -0.15573318
v -0.12604115 0.88036188 -0.17041587
v -0.08733712 0.90625 -0.20113076
v -0.12817878 0.88036188 -0.17628895
v -0.12604115 0.88036188 -0.17041587
v -0.12069708 0.93213812 -0.15573318
v -0.12283471 0.93213812 -0.16160626
v -0.12817878 0.88036188 -0.17628895
v -0.12283471 0.93213812 -0.16160626
v -0.09035574 0.90617625 -0.20642379
v -0.12604115 0.88036188 -0.17041587
v -0.11092649 0.84375 -0.20917272
v -0.08733712 0.90625 -0.20113076
v -0.11306412 0.84375 -0.21504579
v -0.11092649 0.84375 -0.20917272
v -0.12604115 0.88036188 -0.17041587
v -0.12817878 0.88036188 -0.17628895
v -0.11306412 0.84375 -0.21504579
v -0.12817878 0.88036188 -0.17628895
v -0.09035574 0.90617625 -0.20642379
v -0.11092649 0.84375 -0.20917272
v -0.07443588 0.84375 -0.22245421
v -0.08733712 0.90625 -0.20113076
v -0.07657351 0.84375 -0.22832729
v -0.07443588 0.84375 -0.22245421
v -0.11092649 0.84375 -0.20917272
v -0.11306412 0.84375 -0.21504579
v -0.07657351 0.84375 -0.22832729
v -0.11306412 0.84375 -0.21504579
v -0.09035574 0.90617625 -0.20642379
v -0.07443588 0.84375 -0.22245421
v -0.03794497 0.88036188 -0.20248026
v -0.08733712 0.90625 -0.20113076
v -0.03955232 0.88292875 -0.21402686
v -0.03794497 0.88036188 -0.20248026
v -0.07443588 0.84375 -0.22245421
v -0.07657351 0.84375 -0.22832729
v -0.03955232 0.88292875 -0.21402686
v -0.07657351 0.84375 -0.22832729
v -0.09035574 0.90617625 -0.20642379
v -0.03794497 0.88036188 -0.20248026
v -0.0326009 0.93213812 -0.18779756
v -0.08733712 0.90625 -0.20113076
v -0.03473853 0.93213812 -0.19367064
v -0.0326009 0.93213812 -0.18779756
v -0.03794497 0.88036188 -0.20248026
v -0.03955232 0.88292875 -0.21402686
v -0.03473853 0.93213812 -0.19367064
v -0.03955232 0.88292875 -0.21402686
v -0.09035574 0.90617625 -0.20642379
v -0.0326009 0.93213812 -0.18779756
v -0.05626606 0.96874999 -0.17253304
v -0.08733712 0.90625 -0.20113076
v -0.05840369 0.96874999 -0.17840612
v -0.05626606 0.96874999 -0.17253304
v -0.0326009 0.93213812 -0.18779756
v -0.03473853 0.93213812 -0.19367064
v -0.05840369 0.96874999 -0.17840612
v -0.03473853 0.93213812 -0.19367064
v -0.09035574 0.90617625 -0.20642379
v -0.05626606 0.96874999 -0.17253304
v -0.09275668 0.96874999 -0.15925154
v -0.08733712 0.90625 -0.20113076
v -0.0948943 0.96874999 -0.16512462
v -0.09275668 0.96874999 -0.15925154
v -0.05626606 0.96874999 -0.17253304
v -0.05840369 0.96874999 -0.17840612
v -0.0948943 0.96874999 -0.16512462
v -0.05840369 0.96874999 -0.17840612
v -0.09035574 0.90617625 -0.20642379
vn 0.34345 -0.84857 -0.40245
vn -0.8 0 0.6
vn -0.34483 0.8476 0.40332
vn 0.43176 -0.86352 -0.26059
vn -1 0 0
vn -0.43554 0.86178 0.26007
vn 0.4637 -0.81489 -0.34777
vn -0.8 0 -0.6
vn -0.46718 0.81424 0.34461
vn 0 -0.97014 -0.24254
vn 0 0 -1
vn 0 0.96918 0.24636
vn -0.4637 -0.81489 -0.34777
vn 0.78729 -0.02975 -0.61586
vn 0.33318 0.88198 0.33331
vn -0.43176 -0.86352 -0.26059
vn 1 0 0
vn 0.34923 0.85693 0.37908
vn -0.34345 -0.84857 -0.40245
vn 0.8 0 0.6
vn 0.33659 0.85335 0.39812
vn -0 -0.85749 -0.5145
vn 0 0 1
vn -0 0.85923 0.51158
vt 0.76703 0.22772
vt 0.77265 0.22018
vt 0.78305 0.2278
vt 0.78005 0.53035
vt 0.76684 0.53016
vt 0.76682 0.52039
vt 0.78004 0.52058
vt 0.00144 0.19148
vt 0.00888 0.18576
vt 0.00896 0.20169
vt 0.67301 0.22012
vt 0.68197 0.2265
vt 0.67257 0.23291
vt 0.76451 0.499
vt 0.75115 0.49859
vt 0.75112 0.48703
vt 0.76447 0.48744
vt 0.79838 0.99241
vt 0.80735 0.98608
vt 0.80761 0.99866
vt 0.7741 0.61088
vt 0.78107 0.61984
vt 0.767 0.61984
vt 0.74891 0.29585
vt 0.73553 0.29504
vt 0.73547 0.28317
vt 0.74885 0.28398
vt 0.61973 0.233
vt 0.61087 0.22589
vt 0.61972 0.219
vt 0.80806 0.95855
vt 0.80067 0.96077
vt 0.80047 0.94675
vt 0.65731 0.26456
vt 0.65731 0.25106
vt 0.67081 0.25106
vt 0.67081 0.26456
vt 0.81568 0.91324
vt 0.81333 0.92059
vt 0.80158 0.91305
vt 0.78065 0.66388
vt 0.77168 0.65691
vt 0.78065 0.64981
vt 0.1577 0.19074
vt 0.15836 0.18836
vt 0.17047 0.1948
vt 0.17057 0.19613
vt 0.28073 0.22469
vt 0.28769 0.23377
vt 0.27354 0.23378
vt 0.77115 0.33587
vt 0.78012 0.32949
vt 0.78056 0.34229
vt 0.22155 0.19828
vt 0.22144 0.19702
vt 0.23155 0.20008
vt 0.23112 0.20234
vt 0.52064 0.20442
vt 0.52975 0.21036
vt 0.52062 0.21739
vt 0.74196 0.21797
vt 0.74949 0.21235
vt 0.74957 0.22836
vt 0.77058 0.56129
vt 0.77039 0.54807
vt 0.78016 0.54809
vt 0.78035 0.5613
vt 0.77156 0.37448
vt 0.77709 0.36688
vt 0.78763 0.37457
vt 0.78557 0.82371
vt 0.79316 0.82169
vt 0.79337 0.83772
vt 0.73544 0.35831
vt 0.73544 0.34481
vt 0.74894 0.34481
vt 0.74894 0.35831
vt 0.78559 0.48461
vt 0.79315 0.48247
vt 0.79335 0.49855
usemtl mat0
f 753/753/195 754/754/195 755/755/195
f 756/756/196 757/757/196 758/758/196
f 756/756/196 758/758/196 759/759/196
f 760/760/197 761/761/197 762/762/197
f 763/763/198 764/764/198 765/765/198
f 766/766/199 767/767/199 768/768/199
f 766/766/199 768/768/199 769/769/199
f 770/770/200 771/771/200 772/772/200
f 773/773/201 774/774/201 775/775/201
f 776/776/202 777/777/202 778/778/202
f 776/776/202 778/778/202 779/779/202
f 780/780/203 781/781/203 782/782/203
f 783/783/204 784/784/204 785/785/204
f 786/786/205 787/787/205 788/788/205
f 786/786/205 788/788/205 789/789/205
f 790/790/206 791/791/206 792/792/206
f 793/793/207 794/794/207 795/795/207
f 796/796/208 797/797/208 798/798/208
f 796/796/208 798/798/208 799/799/208
f 800/800/209 801/801/209 802/802/209
f 803/803/210 804/804/210 805/805/210
f 806/806/211 807/807/211 808/808/211
f 806/806/211 808/808/211 809/809/211
f 810/810/212 811/811/212 812/812/212
f 813/813/213 814/814/213 815/815/213
f 816/816/214 817/817/214 818/818/214
f 816/816/214 818/818/214 819/819/214
f 820/820/215 821/821/215 822/822/215
f 823/823/216 824/824/216 825/825/216
f 826/826/217 827/827/217 828/828/217
f 826/826/217 828/828/217 829/829/217
f 830/830/218 831/831/218 832/832/218
# Vertices: 80, normals: 24, texture coordinates: 80, faces: 32

o obj11
v 0.12069708 0.93213812 -0.15573318
v 0.09275668 0.96874999 -0.15925154
v 0.08733712 0.90625 -0.20113076
v 0.09275668 0.96874999 -0.15925154
v 0.12069708 0.93213812 -0.15573318
v 0.12283471 0.93213812 -0.16160626
v 0.0948943 0.96874999 -0.16512462
v 0.0948943 0.96874999 -0.16512462
v 0.12283471 0.93213812 -0.16160626
v 0.09035574 0.90617625 -0.20642379
v 0.12604115 0.88036188 -0.17041587
v 0.12069708 0.93213812 -0.15573318
v 0.08733712 0.90625 -0.20113076
v 0.12069708 0.93213812 -0.15573318
v 0.12604115 0.88036188 -0.17041587
v 0.12817878 0.88036188 -0.17628895
v 0.12283471 0.93213812 -0.16160626
v 0.12283471 0.93213812 -0.16160626
v 0.12817878 0.88036188 -0.17628895
v 0.09035574 0.90617625 -0.20642379
v 0.11092649 0.84375 -0.20917272
v 0.12604115 0.88036188 -0.17041587
v 0.08733712 0.90625 -0.20113076
v 0.12604115 0.88036188 -0.17041587
v 0.11092649 0.84375 -0.20917272
v 0.11306412 0.84375 -0.21504579
v 0.12817878 0.88036188 -0.17628895
v 0.12817878 0.88036188 -0.17628895
v 0.11306412 0.84375 -0.21504579
v 0.09035574 0.90617625 -0.20642379
v 0.07443588 0.84375 -0.22245421
v 0.11092649 0.84375 -0.20917272
v 0.08733712 0.90625 -0.20113076
v 0.11092649 0.84375 -0.20917272
v 0.07443588 0.84375 -0.22245421
v 0.07657351 0.84375 -0.22832729
v 0.11306412 0.84375 -0.21504579
v 0.11306412 0.84375 -0.21504579
v 0.07657351 0.84375 -0.22832729
v 0.09035574 0.90617625 -0.20642379
v 0.03794497 0.88036188 -0.20248026
v 0.07443588 0.84375 -0.22245421
v 0.08733712 0.90625 -0.20113076
v 0.07443588 0.84375 -0.22245421
v 0.03794497 0.88036188 -0.20248026
v 0.03955232 0.88292875 -0.21402686
v 0.07657351 0.84375 -0.22832729
v 0.07657351 0.84375 -0.22832729
v 0.03955232 0.88292875 -0.21402686
v 0.09035574 0.90617625 -0.20642379
v 0.0326009 0.93213812 -0.18779756
v 0.03794497 0.88036188 -0.20248026
v 0.08733712 0.90625 -0.20113076
v 0.03794497 0.88036188 -0.20248026
v 0.0326009 0.93213812 -0.18779756
v 0.03473853 0.93213812 -0.19367064
v 0.03955232 0.88292875 -0.21402686
v 0.03955232 0.88292875 -0.21402686
v 0.03473853 0.93213812 -0.19367064
v 0.09035574 0.90617625 -0.20642379
v 0.05626606 0.96874999 -0.17253304
v 0.0326009 0.93213812 -0.18779756
v 0.08733712 0.90625 -0.20113076
v 0.0326009 0.93213812 -0.18779756
v 0.05626606 0.96874999 -0.17253304
v 0.05840369 0.96874999 -0.17840612
v 0.03473853 0.93213812 -0.19367064
v 0.03473853 0.93213812 -0.19367064
v 0.05840369 0.96874999 -0.17840612
v 0.09035574 0.90617625 -0.20642379
v 0.09275668 0.96874999 -0.15925154
v 0.05626606 0.96874999 -0.17253304
v 0.08733712 0.90625 -0.20113076
v 0.05626606 0.96874999 -0.17253304
v 0.09275668 0.96874999 -0.15925154
v 0.0948943 0.96874999 -0.16512462
v 0.05840369 0.96874999 -0.17840612
v 0.05840369 0.96874999 -0.17840612
v 0.0948943 0.96874999 -0.16512462
v 0.09035574 0.90617625 -0.20642379
vn -0.34345 -0.84857 -0.40245
vn 0.8 0 0.6
vn 0.34483 0.8476 0.40332
vn -0.43176 -0.86352 -0.26059
vn 1 0 0
vn 0.43554 0.86178 0.26007
vn -0.4637 -0.81489 -0.34777
vn 0.8 0 -0.6
vn 0.46718 0.81424 0.34461
vn 0 -0.97014 -0.24254
vn 0 0 -1
vn 0 0.96918 0.24636
vn 0.4637 -0.81489 -0.34777
vn -0.78729 -0.02975 -0.61586
vn -0.33318 0.88198 0.33331
vn 0.43176 -0.86352 -0.26059
vn -1 0 0
vn -0.34923 0.85693 0.37908
vn 0.34345 -0.84857 -0.40245
vn -0.8 0 0.6
vn -0.33659 0.85335 0.39812
vn -0 -0.85749 -0.5145
vn 0 0 1
vn -0 0.85923 0.51158
vt 0.10133 0.20234
vt 0.10886 0.19672
vt 0.10894 0.21273
vt 0.55164 0.21995
vt 0.56141 0.21996
vt 0.5616 0.23318
vt 0.55183 0.23316
vt 0.78732 0.28074
vt 0.79305 0.2733
vt 0.80325 0.28082
vt 0.70865 0.2265
vt 0.71762 0.22012
vt 0.71806 0.23291
vt 0.51745 0.23549
vt 0.52901 0.23553
vt 0.52942 0.24888
vt 0.51787 0.24885
vt 0.0364 0.1892
vt 0.04538 0.19554
vt 0.03614 0.20179
vt 0.35878 0.22638
vt 0.34981 0.21941
vt 0.35878 0.21231
vt 0.71978 0.25109
vt 0.73165 0.25115
vt 0.73246 0.26453
vt 0.72059 0.26447
vt 0.78058 0.39681
vt 0.78768 0.40566
vt 0.77369 0.40565
vt 0.07368 0.19292
vt 0.0663 0.19515
vt 0.0661 0.18112
vt 0.68856 0.25106
vt 0.70206 0.25106
vt 0.70206 0.26456
vt 0.68856 0.26456
vt 0.13616 0.19941
vt 0.12881 0.20176
vt 0.12862 0.18767
vt 0.7741 0.57963
vt 0.78107 0.58859
vt 0.767 0.58859
vt 0.19216 0.19467
vt 0.20114 0.18851
vt 0.2017 0.19083
vt 0.19201 0.19599
vt 0.32308 0.233
vt 0.314 0.22604
vt 0.32309 0.21886
vt 0.76676 0.29824
vt 0.77572 0.30462
vt 0.76632 0.31104
vt 0.79837 0.79387
vt 0.81111 0.79067
vt 0.81103 0.79197
vt 0.79886 0.7962
vt 0.78853 0.45163
vt 0.7826 0.44252
vt 0.79556 0.44249
vt 0.78266 0.86834
vt 0.78828 0.86081
vt 0.79867 0.86842
vt 0.57934 0.23328
vt 0.57932 0.22352
vt 0.59254 0.22371
vt 0.59255 0.23347
vt 0.64206 0.2224
vt 0.64966 0.21687
vt 0.64975 0.23294
vt 0.78557 0.69871
vt 0.79316 0.69669
vt 0.79337 0.71272
vt 0.73544 0.31356
vt 0.74894 0.31356
vt 0.74894 0.32706
vt 0.73544 0.32706
vt 0.47239 0.21816
vt 0.47453 0.21061
vt 0.48847 0.21837
usemtl mat0
f 833/833/219 834/834/219 835/835/219
f 836/836/220 837/837/220 838/838/220
f 836/836/220 838/838/220 839/839/220
f 840/840/221 841/841/221 842/842/221
f 843/843/222 844/844/222 845/845/222
f 846/846/223 847/847/223 848/848/223
f 846/846/223 848/848/223 849/849/223
f 850/850/224 851/851/224 852/852/224
f 853/853/225 854/854/225 855/855/225
f 856/856/226 857/857/226 858/858/226
f 856/856/226 858/858/226 859/859/226
f 860/860/227 861/861/227 862/862/227
f 863/863/228 864/864/228 865/865/228
f 866/866/229 867/867/229 868/868/229
f 866/866/229 868/868/229 869/869/229
f 870/870/230 871/871/230 872/872/230
f 873/873/231 874/874/231 875/875/231
f 876/876/232 877/877/232 878/878/232
f 876/876/232 878/878/232 879/879/232
f 880/880/233 881/881/233 882/882/233
f 883/883/234 884/884/234 885/885/234
f 886/886/235 887/887/235 888/888/235
f 886/886/235 888/888/235 889/889/235
f 890/890/236 891/891/236 892/892/236
f 893/893/237 894/894/237 895/895/237
f 896/896/238 897/897/238 898/898/238
f 896/896/238 898/898/238 899/899/238
f 900/900/239 901/901/239 902/902/239
f 903/903/240 904/904/240 905/905/240
f 906/906/241 907/907/241 908/908/241
f 906/906/241 908/908/241 909/909/241
f 910/910/242 911/911/242 912/912/242
# Vertices: 80, normals: 24, texture coordinates: 80, faces: 32

o obj12
v 0.05177687 0.62500001 -0.34375
v 0.125 0.69822314 -0.34375001
v 0.125 0.69822314 -0.29687501
v 0.05177687 0.62500001 -0.29687501
v 0.03771125 0.65895689 -0.29687501
v 0.09104312 0.71228876 -0.29687501
v 0.09104312 0.71228876 -0.34375001
v 0.03771125 0.65895689 -0.34375001
v 0.03771125 0.65895689 -0.34375001
v 0.09104312 0.71228876 -0.34375001
v 0.125 0.69822314 -0.34375001
v 0.05177687 0.62500001 -0.34375
v 0.02588812 0.68750002 -0.17187501
v 0.0625 0.72411189 -0.17187501
v 0.04552125 0.73114439 -0.23437501
v 0.01885563 0.70447876 -0.23437501
v 0.125 0.69822314 -0.34375001
v 0.125 0.80177688 -0.34375001
v 0.125 0.80177688 -0.29687501
v 0.125 0.69822314 -0.29687501
v 0.09104312 0.71228876 -0.29687501
v 0.09104312 0.78771126 -0.29687501
v 0.09104312 0.78771126 -0.34375001
v 0.09104312 0.71228876 -0.34375001
v 0.09104312 0.71228876 -0.34375001
v 0.09104312 0.78771126 -0.34375001
v 0.125 0.80177688 -0.34375001
v 0.125 0.69822314 -0.34375001
v 0.0625 0.72411189 -0.17187501
v 0.0625 0.77588814 -0.17187502
v 0.04552125 0.76885564 -0.23437501
v 0.04552125 0.73114439 -0.23437501
v 0.125 0.80177688 -0.34375001
v 0.05177687 0.875 -0.34375001
v 0.05177687 0.87500001 -0.29687501
v 0.125 0.80177688 -0.29687501
v 0.09104312 0.78771126 -0.29687501
v 0.03771125 0.84104313 -0.29687501
v 0.03771125 0.84104313 -0.34375001
v 0.09104312 0.78771126 -0.34375001
v 0.09104312 0.78771126 -0.34375001
v 0.03771125 0.84104313 -0.34375001
v 0.05177687 0.875 -0.34375001
v 0.125 0.80177688 -0.34375001
v 0.0625 0.77588814 -0.17187502
v 0.02588812 0.81250001 -0.17187502
v 0.01885563 0.79552126 -0.23437501
v 0.04552125 0.76885564 -0.23437501
v 0.05177687 0.875 -0.34375001
v -0.05177687 0.875 -0.34375001
v -0.05177687 0.87500001 -0.29687501
v 0.05177687 0.87500001 -0.29687501
v 0.03771125 0.84104313 -0.29687501
v -0.03771125 0.84104313 -0.29687501
v -0.03771125 0.84104313 -0.34375001
v 0.03771125 0.84104313 -0.34375001
v 0.03771125 0.84104313 -0.34375001
v -0.03771125 0.84104313 -0.34375001
v -0.05177687 0.875 -0.34375001
v 0.05177687 0.875 -0.34375001
v 0.02588812 0.81250001 -0.17187502
v -0.02588812 0.81250001 -0.17187502
v -0.01885563 0.79552126 -0.23437501
v 0.01885563 0.79552126 -0.23437501
v -0.05177687 0.875 -0.34375001
v -0.125 0.80177688 -0.34375001
v -0.125 0.80177688 -0.29687501
v -0.05177687 0.87500001 -0.29687501
v -0.03771125 0.84104313 -0.29687501
v -0.09104312 0.78771126 -0.29687501
v -0.09104312 0.78771126 -0.34375001
v -0.03771125 0.84104313 -0.34375001
v -0.03771125 0.84104313 -0.34375001
v -0.09104312 0.78771126 -0.34375001
v -0.125 0.80177688 -0.34375001
v -0.05177687 0.875 -0.34375001
v -0.02588812 0.81250001 -0.17187502
v -0.0625 0.77588814 -0.17187502
v -0.04552125 0.76885564 -0.23437501
v -0.01885563 0.79552126 -0.23437501
v -0.125 0.80177688 -0.34375001
v -0.125 0.69822314 -0.34375001
v -0.125 0.69822314 -0.29687501
v -0.125 0.80177688 -0.29687501
v -0.09104312 0.78771126 -0.29687501
v -0.09104312 0.71228876 -0.29687501
v -0.09104312 0.71228876 -0.34375001
v -0.09104312 0.78771126 -0.34375001
v -0.09104312 0.78771126 -0.34375001
v -0.09104312 0.71228876 -0.34375001
v -0.125 0.69822314 -0.34375001
v -0.125 0.80177688 -0.34375001
v -0.0625 0.77588814 -0.17187502
v -0.0625 0.72411189 -0.17187501
v -0.04552125 0.73114439 -0.23437501
v -0.04552125 0.76885564 -0.23437501
v -0.125 0.69822314 -0.34375001
v -0.05177687 0.62500001 -0.34375
v -0.05177687 0.62500001 -0.29687501
v -0.125 0.69822314 -0.29687501
v -0.09104312 0.71228876 -0.29687501
v -0.03771125 0.65895689 -0.29687501
v -0.03771125 0.65895689 -0.34375001
v -0.09104312 0.71228876 -0.34375001
v -0.09104312 0.71228876 -0.34375001
v -0.03771125 0.65895689 -0.34375001
v -0.05177687 0.62500001 -0.34375
v -0.125 0.69822314 -0.34375001
v -0.0625 0.72411189 -0.17187501
v -0.02588812 0.68750002 -0.17187501
v -0.01885563 0.70447876 -0.23437501
v -0.04552125 0.73114439 -0.23437501
v -0.05177687 0.62500001 -0.34375
v 0.05177687 0.62500001 -0.34375
v 0.05177687 0.62500001 -0.29687501
v -0.05177687 0.62500001 -0.29687501
v -0.03771125 0.65895689 -0.29687501
v 0.03771125 0.65895689 -0.29687501
v 0.03771125 0.65895689 -0.34375001
v -0.03771125 0.65895689 -0.34375001
v -0.03771125 0.65895689 -0.34375001
v 0.03771125 0.65895689 -0.34375001
v 0.05177687 0.62500001 -0.34375
v -0.05177687 0.62500001 -0.34375
v -0.02588812 0.68750002 -0.17187501
v 0.02588812 0.68750002 -0.17187501
v 0.01885563 0.70447876 -0.23437501
v -0.01885563 0.70447876 -0.23437501
v -0.02588812 0.81250001 -0.17187502
v 0.02588812 0.81250001 -0.17187502
v 0.05177687 0.87500001 -0.29687501
v -0.05177687 0.87500001 -0.29687501
v 0.01885563 0.79552126 -0.23437501
v -0.01885563 0.79552126 -0.23437501
v -0.03771125 0.84104313 -0.29687501
v 0.03771125 0.84104313 -0.29687501
v -0.0625 0.77588814 -0.17187502
v -0.02588812 0.81250001 -0.17187502
v -0.05177687 0.87500001 -0.29687501
v -0.125 0.80177688 -0.29687501
v -0.01885563 0.79552126 -0.23437501
v -0.04552125 0.76885564 -0.23437501
v -0.09104312 0.78771126 -0.29687501
v -0.03771125 0.84104313 -0.29687501
v -0.0625 0.72411189 -0.17187501
v -0.0625 0.77588814 -0.17187502
v -0.125 0.80177688 -0.29687501
v -0.125 0.69822314 -0.29687501
v -0.04552125 0.76885564 -0.23437501
v -0.04552125 0.73114439 -0.23437501
v -0.09104312 0.71228876 -0.29687501
v -0.09104312 0.78771126 -0.29687501
v -0.02588812 0.68750002 -0.17187501
v -0.0625 0.72411189 -0.17187501
v -0.125 0.69822314 -0.29687501
v -0.05177687 0.62500001 -0.29687501
v -0.04552125 0.73114439 -0.23437501
v -0.01885563 0.70447876 -0.23437501
v -0.03771125 0.65895689 -0.29687501
v -0.09104312 0.71228876 -0.29687501
v 0.02588812 0.68750002 -0.17187501
v -0.02588812 0.68750002 -0.17187501
v -0.05177687 0.62500001 -0.29687501
v 0.05177687 0.62500001 -0.29687501
v -0.01885563 0.70447876 -0.23437501
v 0.01885563 0.70447876 -0.23437501
v 0.03771125 0.65895689 -0.29687501
v -0.03771125 0.65895689 -0.29687501
v 0.0625 0.72411189 -0.17187501
v 0.02588812 0.68750002 -0.17187501
v 0.05177687 0.62500001 -0.29687501
v 0.125 0.69822314 -0.29687501
v 0.01885563 0.70447876 -0.23437501
v 0.04552125 0.73114439 -0.23437501
v 0.09104312 0.71228876 -0.29687501
v 0.03771125 0.65895689 -0.29687501
v 0.0625 0.77588814 -0.17187502
v 0.0625 0.72411189 -0.17187501
v 0.125 0.69822314 -0.29687501
v 0.125 0.80177688 -0.29687501
v 0.04552125 0.73114439 -0.23437501
v 0.04552125 0.76885564 -0.23437501
v 0.09104312 0.78771126 -0.29687501
v 0.09104312 0.71228876 -0.29687501
v 0.02588812 0.81250001 -0.17187502
v 0.0625 0.77588814 -0.17187502
v 0.125 0.80177688 -0.29687501
v 0.05177687 0.87500001 -0.29687501
v 0.04552125 0.76885564 -0.23437501
v 0.01885563 0.79552126 -0.23437501
v 0.03771125 0.84104313 -0.29687501
v 0.09104312 0.78771126 -0.29687501
v 0.04552125 0.73114439 -0.23437501
v 0.01885563 0.70447876 -0.23437501
v -0.01885563 0.70447876 -0.23437501
v 0.04552125 0.76885564 -0.23437501
v -0.01885563 0.79552126 -0.23437501
v 0.01885563 0.79552126 -0.23437501
v 0.04552125 0.76885564 -0.23437501
v -0.01885563 0.70447876 -0.23437501
v -0.04552125 0.73114439 -0.23437501
v -0.04552125 0.76885564 -0.23437501
v -0.01885563 0.79552126 -0.23437501
v -0.01885563 0.70447876 -0.23437501
vn 0.70711 0 0.70711
vn -0.70711 0 -0.70711
vn 0 -1 0
vn -0.68238 0.26216 -0.68238
vn 1 0 0
vn -1 0 0
vn -0.96502 0.26216 0
vn 0.70711 0 -0.70711
vn -0.70711 0 0.70711
vn -0.68238 0.26216 0.68238
vn 0 0 -1
vn 0 0 1
vn 0 0.26216 0.96502
vn 0.68238 0.26216 0.68238
vn 0.96502 0.26216 0
vn 0.68238 0.26216 -0.68238
vn 0 0.26216 -0.96502
vn 0 0.44721 -0.89443
vn 0 -0.58874 0.80832
vn -0.63245 0.44722 -0.63245
vn 0.57157 -0.58874 0.57157
vn -0.89443 0.44721 0
vn 0.80832 -0.58874 0
vn -0.63245 0.44722 0.63245
vn 0.57157 -0.58874 -0.57157
vn 0 0.44721 0.89443
vn 0 -0.58874 -0.80832
vn 0.63245 0.44722 0.63245
vn -0.57157 -0.58874 -0.57157
vn 0.89443 0.44721 0
vn -0.80832 -0.58874 0
vn 0.63245 0.44722 -0.63245
vn -0.57157 -0.58874 0.57157
vt 0.47009 0.29755
vt 0.49866 0.29755
vt 0.49866 0.31183
vt 0.47009 0.31183
vt 0.63956 0.26456
vt 0.62606 0.26456
vt 0.62606 0.25106
vt 0.63956 0.25106
vt 0.04208 0.99098
vt 0.05348 0.97958
vt 0.06116 0.98237
vt 0.04487 0.99866
vt 0.78029 0.74885
vt 0.76926 0.74885
vt 0.77084 0.73566
vt 0.77872 0.73566
vt 0.48572 0.54755
vt 0.51428 0.54755
vt 0.51428 0.56183
vt 0.48572 0.56183
vt 0.74894 0.62394
vt 0.73544 0.62394
vt 0.73544 0.61044
vt 0.74894 0.61044
vt 0.05463 0.97681
vt 0.05463 0.96069
vt 0.06204 0.95723
vt 0.06204 0.98027
vt 0.76333 0.26447
vt 0.7523 0.26447
vt 0.75387 0.25129
vt 0.76175 0.25129
vt 0.42322 0.29755
vt 0.45178 0.29755
vt 0.45178 0.31183
vt 0.42322 0.31183
vt 0.57706 0.26456
vt 0.56356 0.26456
vt 0.56356 0.25106
vt 0.57706 0.25106
vt 0.05348 0.95792
vt 0.04208 0.94652
vt 0.04487 0.93884
vt 0.06116 0.95513
vt 0.77761 0.93635
vt 0.76658 0.93635
vt 0.76816 0.92316
vt 0.77604 0.92316
vt 0.67322 0.40692
vt 0.70178 0.40692
vt 0.70178 0.4212
vt 0.67322 0.4212
vt 0.74894 0.59269
vt 0.73544 0.59269
vt 0.73544 0.57919
vt 0.74894 0.57919
vt 0.03931 0.94537
vt 0.02319 0.94537
vt 0.01973 0.93796
vt 0.04277 0.93796
vt 0.76333 0.4676
vt 0.7523 0.4676
vt 0.75387 0.45441
vt 0.76175 0.45441
vt 0.68884 0.53192
vt 0.71741 0.53192
vt 0.71741 0.5462
vt 0.68884 0.5462
vt 0.60831 0.26456
vt 0.59481 0.26456
vt 0.59481 0.25106
vt 0.60831 0.25106
vt 0.02042 0.94652
vt 0.00902 0.95792
vt 0.00134 0.95513
vt 0.01763 0.93884
vt 0.78029 0.9051
vt 0.76926 0.9051
vt 0.77084 0.89191
vt 0.77872 0.89191
vt 0.68884 0.8913
vt 0.71741 0.8913
vt 0.71741 0.90558
vt 0.68884 0.90558
vt 0.74894 0.56144
vt 0.73544 0.56144
vt 0.73544 0.54794
vt 0.74894 0.54794
vt 0.00787 0.96069
vt 0.00787 0.97681
vt 0.00046 0.98027
vt 0.00046 0.95723
vt 0.07583 0.23322
vt 0.0648 0.23322
vt 0.06637 0.22004
vt 0.07425 0.22004
vt 0.68884 0.56317
vt 0.71741 0.56317
vt 0.71741 0.57745
vt 0.68884 0.57745
vt 0.74894 0.38956
vt 0.73544 0.38956
vt 0.73544 0.37606
vt 0.74894 0.37606
vt 0.00902 0.97958
vt 0.02042 0.99098
vt 0.01763 0.99866
vt 0.00134 0.98237
vt 0.77761 0.7801
vt 0.76658 0.7801
vt 0.76816 0.76691
vt 0.77604 0.76691
vt 0.68884 0.59442
vt 0.71741 0.59442
vt 0.71741 0.6087
vt 0.68884 0.6087
vt 0.74894 0.53019
vt 0.73544 0.53019
vt 0.73544 0.51669
vt 0.74894 0.51669
vt 0.02319 0.99213
vt 0.03931 0.99213
vt 0.04277 0.99954
vt 0.01973 0.99954
vt 0.76333 0.43635
vt 0.7523 0.43635
vt 0.75387 0.42316
vt 0.76175 0.42316
vt 0.02152 0.77986
vt 0.00973 0.77986
vt 0.00364 0.75115
vt 0.02761 0.75115
vt 0.70316 0.29559
vt 0.69528 0.29559
vt 0.69095 0.2822
vt 0.70749 0.2822
vt 0.55546 0.48299
vt 0.54366 0.48299
vt 0.53757 0.45428
vt 0.56154 0.45428
vt 0.7367 0.65496
vt 0.72882 0.65496
vt 0.72449 0.64158
vt 0.74103 0.64158
vt 0.45902 0.48299
vt 0.44723 0.48299
vt 0.44114 0.45428
vt 0.46511 0.45428
vt 0.21879 0.27996
vt 0.2109 0.27996
vt 0.20657 0.26658
vt 0.22311 0.26658
vt 0.50322 0.48299
vt 0.49142 0.48299
vt 0.48533 0.45428
vt 0.5093 0.45428
vt 0.73212 0.77996
vt 0.72423 0.77996
vt 0.71991 0.76658
vt 0.73645 0.76658
vt 0.09965 0.73299
vt 0.08785 0.73299
vt 0.08176 0.70428
vt 0.10574 0.70428
vt 0.12504 0.27996
vt 0.11715 0.27996
vt 0.11282 0.26658
vt 0.12936 0.26658
vt 0.55546 0.90486
vt 0.54366 0.90486
vt 0.53757 0.87615
vt 0.56154 0.87615
vt 0.43983 0.27996
vt 0.43194 0.27996
vt 0.42761 0.26658
vt 0.44415 0.26658
vt 0.53715 0.79549
vt 0.52535 0.79549
vt 0.51926 0.76678
vt 0.54324 0.76678
vt 0.17191 0.27996
vt 0.16403 0.27996
vt 0.1597 0.26658
vt 0.17624 0.26658
vt 0.55009 0.56111
vt 0.53829 0.56111
vt 0.53221 0.5324
vt 0.55618 0.5324
vt 0.73212 0.74871
vt 0.72423 0.74871
vt 0.71991 0.73533
vt 0.73645 0.73533
vt 0.69349 0.64914
vt 0.68854 0.65409
vt 0.68019 0.65484
vt 0.69425 0.64079
vt 0.67985 0.63396
vt 0.68773 0.6342
vt 0.69348 0.6396
vt 0.67945 0.65419
vt 0.67309 0.64769
vt 0.67309 0.64069
vt 0.67847 0.63425
vt 0.67847 0.65413
usemtl mat0
f 913/913/243 914/914/243 915/915/243
f 913/913/243 915/915/243 916/916/243
f 917/917/244 918/918/244 919/919/244
f 917/917/244 919/919/244 920/920/244
f 921/921/245 922/922/245 923/923/245
f 921/921/245 923/923/245 924/924/245
f 925/925/246 926/926/246 927/927/246
f 925/925/246 927/927/246 928/928/246
f 929/929/247 930/930/247 931/931/247
f 929/929/247 931/931/247 932/932/247
f 933/933/248 934/934/248 935/935/248
f 933/933/248 935/935/248 936/936/248
f 937/937/245 938/938/245 939/939/245
f 937/937/245 939/939/245 940/940/245
f 941/941/249 942/942/249 943/943/249
f 941/941/249 943/943/249 944/944/249
f 945/945/250 946/946/250 947/947/250
f 945/945/250 947/947/250 948/948/250
f 949/949/251 950/950/251 951/951/251
f 949/949/251 951/951/251 952/952/251
f 953/953/245 954/954/245 955/955/245
f 953/953/245 955/955/245 956/956/245
f 957/957/252 958/958/252 959/959/252
f 957/957/252 959/959/252 960/960/252
f 961/961/253 962/962/253 963/963/253
f 961/961/253 963/963/253 964/964/253
f 965/965/254 966/966/254 967/967/254
f 965/965/254 967/967/254 968/968/254
f 969/969/245 970/970/245 971/971/245
f 969/969/245 971/971/245 972/972/245
f 973/973/255 974/974/255 975/975/255
f 973/973/255 975/975/255 976/976/255
f 977/977/244 978/978/244 979/979/244
f 977/977/244 979/979/244 980/980/244
f 981/981/243 982/982/243 983/983/243
f 981/981/243 983/983/243 984/984/243
f 985/985/245 986/986/245 987/987/245
f 985/985/245 987/987/245 988/988/245
f 989/989/256 990/990/256 991/991/256
f 989/989/256 991/991/256 992/992/256
f 993/993/248 994/994/248 995/995/248
f 993/993/248 995/995/248 996/996/248
f 997/997/247 998/998/247 999/999/247
f 997/997/247 999/999/247 1000/1000/247
f 1001/1001/245 1002/1002/245 1003/1003/245
f 1001/1001/245 1003/1003/245 1004/1004/245
f 1005/1005/257 1006/1006/257 1007/1007/257
f 1005/1005/257 1007/1007/257 1008/1008/257
f 1009/1009/251 1010/1010/251 1011/1011/251
f 1009/1009/251 1011/1011/251 1012/1012/251
f 1013/1013/250 1014/1014/250 1015/1015/250
f 1013/1013/250 1015/1015/250 1016/1016/250
f 1017/1017/245 1018/1018/245 1019/1019/245
f 1017/1017/245 1019/1019/245 1020/1020/245
f 1021/1021/258 1022/1022/258 1023/1023/258
f 1021/1021/258 1023/1023/258 1024/1024/258
f 1025/1025/254 1026/1026/254 1027/1027/254
f 1025/1025/254 1027/1027/254 1028/1028/254
f 1029/1029/253 1030/1030/253 1031/1031/253
f 1029/1029/253 1031/1031/253 1032/1032/253
f 1033/1033/245 1034/1034/245 1035/1035/245
f 1033/1033/245 1035/1035/245 1036/1036/245
f 1037/1037/259 1038/1038/259 1039/1039/259
f 1037/1037/259 1039/1039/259 1040/1040/259
f 1041/1041/260 1042/1042/260 1043/1043/260
f 1041/1041/260 1043/1043/260 1044/1044/260
f 1045/1045/261 1046/1046/261 1047/1047/261
f 1045/1045/261 1047/1047/261 1048/1048/261
f 1049/1049/262 1050/1050/262 1051/1051/262
f 1049/1049/262 1051/1051/262 1052/1052/262
f 1053/1053/263 1054/1054/263 1055/1055/263
f 1053/1053/263 1055/1055/263 1056/1056/263
f 1057/1057/264 1058/1058/264 1059/1059/264
f 1057/1057/264 1059/1059/264 1060/1060/264
f 1061/1061/265 1062/1062/265 1063/1063/265
f 1061/1061/265 1063/1063/265 1064/1064/265
f 1065/1065/266 1066/1066/266 1067/1067/266
f 1065/1065/266 1067/1067/266 1068/1068/266
f 1069/1069/267 1070/1070/267 1071/1071/267
f 1069/1069/267 1071/1071/267 1072/1072/267
f 1073/1073/268 1074/1074/268 1075/1075/268
f 1073/1073/268 1075/1075/268 1076/1076/268
f 1077/1077/269 1078/1078/269 1079/1079/269
f 1077/1077/269 1079/1079/269 1080/1080/269
f 1081/1081/270 1082/1082/270 1083/1083/270
f 1081/1081/270 1083/1083/270 1084/1084/270
f 1085/1085/271 1086/1086/271 1087/1087/271
f 1085/1085/271 1087/1087/271 1088/1088/271
f 1089/1089/272 1090/1090/272 1091/1091/272
f 1089/1089/272 1091/1091/272 1092/1092/272
f 1093/1093/273 1094/1094/273 1095/1095/273
f 1093/1093/273 1095/1095/273 1096/1096/273
f 1097/1097/274 1098/1098/274 1099/1099/274
f 1097/1097/274 1099/1099/274 1100/1100/274
f 1101/1101/275 1102/1102/275 1103/1103/275
f 1101/1101/275 1103/1103/275 1104/1104/275
f 1105/1105/245 1106/1106/245 1107/1107/245
f 1105/1105/245 1107/1107/245 1108/1108/245
f 1109/1109/245 1110/1110/245 1111/1111/245
f 1109/1109/245 1111/1111/245 1112/1112/245
f 1113/1113/245 1114/1114/245 1115/1115/245
f 1113/1113/245 1115/1115/245 1116/1116/245
# Vertices: 204, normals: 33, texture coordinates: 204, faces: 102

o obj13
v 0.03514687 0.83485313 -0.62764685
v 0.08485313 0.83485313 -0.6773531
v 0 0.87 -0.71249998
v 0.03514687 0.83485313 -0.62764685
v 0.04970562 0.75 -0.59249998
v 0.12 0.75 -0.66279435
v 0.08485313 0.83485313 -0.6773531
v 0.04970562 0.75 -0.59249998
v 0.03514687 0.66514687 -0.62764685
v 0.08485313 0.66514687 -0.6773531
v 0.12 0.75 -0.66279435
v 0.08485313 0.66514687 -0.6773531
v 0.03514687 0.66514687 -0.62764685
v 0 0.63 -0.71249998
v 0.08485313 0.83485313 -0.6773531
v 0.08485313 0.83485313 -0.74764685
v 0 0.87 -0.71249998
v 0.08485313 0.83485313 -0.6773531
v 0.12 0.75 -0.66279435
v 0.12 0.75 -0.7622056
v 0.08485313 0.83485313 -0.74764685
v 0.12 0.75 -0.66279435
v 0.08485313 0.66514687 -0.6773531
v 0.08485313 0.66514687 -0.74764685
v 0.12 0.75 -0.7622056
v 0.08485313 0.66514687 -0.74764685
v 0.08485313 0.66514687 -0.6773531
v 0 0.63 -0.71249998
v 0.08485313 0.83485313 -0.74764685
v 0.03514687 0.83485313 -0.7973531
v 0 0.87 -0.71249998
v 0.08485313 0.83485313 -0.74764685
v 0.12 0.75 -0.7622056
v 0.04970562 0.75 -0.83249997
v 0.03514687 0.83485313 -0.7973531
v 0.12 0.75 -0.7622056
v 0.08485313 0.66514687 -0.74764685
v 0.03514687 0.66514687 -0.7973531
v 0.04970562 0.75 -0.83249997
v 0.03514687 0.66514687 -0.7973531
v 0.08485313 0.66514687 -0.74764685
v 0 0.63 -0.71249998
v 0.03514687 0.83485313 -0.7973531
v -0.03514687 0.83485313 -0.7973531
v 0 0.87 -0.71249998
v 0.03514687 0.83485313 -0.7973531
v 0.04970562 0.75 -0.83249997
v -0.04970562 0.75 -0.83249997
v -0.03514687 0.83485313 -0.7973531
v 0.04970562 0.75 -0.83249997
v 0.03514687 0.66514687 -0.7973531
v -0.03514687 0.66514687 -0.7973531
v -0.04970562 0.75 -0.83249997
v -0.03514687 0.66514687 -0.7973531
v 0.03514687 0.66514687 -0.7973531
v 0 0.63 -0.71249998
v -0.03514687 0.83485313 -0.7973531
v -0.08485313 0.83485313 -0.74764685
v 0 0.87 -0.71249998
v -0.03514687 0.83485313 -0.7973531
v -0.04970562 0.75 -0.83249997
v -0.12 0.75 -0.7622056
v -0.08485313 0.83485313 -0.74764685
v -0.04970562 0.75 -0.83249997
v -0.03514687 0.66514687 -0.7973531
v -0.08485313 0.66514687 -0.74764685
v -0.12 0.75 -0.7622056
v -0.08485313 0.66514687 -0.74764685
v -0.03514687 0.66514687 -0.7973531
v 0 0.63 -0.71249998
v -0.08485313 0.83485313 -0.74764685
v -0.08485313 0.83485313 -0.6773531
v 0 0.87 -0.71249998
v -0.08485313 0.83485313 -0.74764685
v -0.12 0.75 -0.7622056
v -0.12 0.75 -0.66279435
v -0.08485313 0.83485313 -0.6773531
v -0.12 0.75 -0.7622056
v -0.08485313 0.66514687 -0.74764685
v -0.08485313 0.66514687 -0.6773531
v -0.12 0.75 -0.66279435
v -0.08485313 0.66514687 -0.6773531
v -0.08485313 0.66514687 -0.74764685
v 0 0.63 -0.71249998
v -0.08485313 0.83485313 -0.6773531
v -0.03514687 0.83485313 -0.62764685
v 0 0.87 -0.71249998
v -0.08485313 0.83485313 -0.6773531
v -0.12 0.75 -0.66279435
v -0.04970562 0.75 -0.59249998
v -0.03514687 0.83485313 -0.62764685
v -0.12 0.75 -0.66279435
v -0.08485313 0.66514687 -0.6773531
v -0.03514687 0.66514687 -0.62764685
v -0.04970562 0.75 -0.59249998
v -0.03514687 0.66514687 -0.62764685
v -0.08485313 0.66514687 -0.6773531
v 0 0.63 -0.71249998
v -0.03514687 0.83485313 -0.62764685
v 0.03514687 0.83485313 -0.62764685
v 0 0.87 -0.71249998
v -0.03514687 0.83485313 -0.62764685
v -0.04970562 0.75 -0.59249998
v 0.04970562 0.75 -0.59249998
v 0.03514687 0.83485313 -0.62764685
v -0.04970562 0.75 -0.59249998
v -0.03514687 0.66514687 -0.62764685
v 0.03514687 0.66514687 -0.62764685
v 0.04970562 0.75 -0.59249998
v 0.03514687 0.66514687 -0.62764685
v -0.03514687 0.66514687 -0.62764685
v 0 0.63 -0.71249998
vn 0.2706 0.92388 0.2706
vn 0.65328 0.38268 0.65328
vn 0.65328 -0.38268 0.65328
vn 0.2706 -0.92388 0.2706
vn 0.38268 0.92388 0
vn 0.92388 0.38268 0
vn 0.92388 -0.38268 0
vn 0.38268 -0.92388 0
vn 0.2706 0.92388 -0.2706
vn 0.65328 0.38268 -0.65328
vn 0.65328 -0.38268 -0.65328
vn 0.2706 -0.92388 -0.2706
vn 0 0.92388 -0.38268
vn 0 0.38268 -0.92388
vn 0 -0.38268 -0.92388
vn 0 -0.92388 -0.38268
vn -0.2706 0.92388 -0.2706
vn -0.65328 0.38268 -0.65328
vn -0.65328 -0.38268 -0.65328
vn -0.2706 -0.92388 -0.2706
vn -0.38268 0.92388 0
vn -0.92388 0.38268 0
vn -0.92388 -0.38268 0
vn -0.38268 -0.92388 -0
vn -0.2706 0.92388 0.2706
vn -0.65328 0.38268 0.65328
vn -0.65328 -0.38268 0.65328
vn -0.2706 -0.92388 0.2706
vn -0 0.92388 0.38268
vn 0 0.38268 0.92388
vn 0 -0.38268 0.92388
vn 0 -0.92388 0.38268
vt 0.10884 0.81156
vt 0.12033 0.78155
vt 0.15438 0.81179
vt 0.02156 0.56117
vt 0.01449 0.53231
vt 0.06081 0.53231
vt 0.05373 0.56117
vt 0.29574 0.59269
vt 0.30281 0.56383
vt 0.33498 0.56383
vt 0.34206 0.59269
vt 0.295 0.72342
vt 0.26498 0.73491
vt 0.26476 0.68937
vt 0.00843 0.81156
vt 0.01992 0.78155
vt 0.05397 0.81179
vt 0.39017 0.87367
vt 0.38309 0.84481
vt 0.42941 0.84481
vt 0.42233 0.87367
vt 0.38309 0.93644
vt 0.39017 0.90758
vt 0.42233 0.90758
vt 0.42941 0.93644
vt 0.13172 0.87967
vt 0.10171 0.89116
vt 0.10149 0.84562
vt 0.34563 0.77658
vt 0.37564 0.76509
vt 0.37586 0.81063
vt 0.44627 0.81117
vt 0.43919 0.78231
vt 0.48551 0.78231
vt 0.47844 0.81117
vt 0.37669 0.59269
vt 0.38377 0.56383
vt 0.41594 0.56383
vt 0.42301 0.59269
vt 0.03095 0.69217
vt 0.00094 0.70366
vt 0.00071 0.65812
vt 0.29015 0.96408
vt 0.32017 0.95259
vt 0.32039 0.99813
vt 0.01517 0.62367
vt 0.00809 0.59481
vt 0.05441 0.59481
vt 0.04733 0.62367
vt 0.28934 0.65519
vt 0.29642 0.62633
vt 0.32858 0.62633
vt 0.33566 0.65519
vt 0.13172 0.97342
vt 0.10171 0.98491
vt 0.10149 0.93937
vt 0.29717 0.87033
vt 0.32719 0.85884
vt 0.32741 0.90438
vt 0.45906 0.74867
vt 0.45199 0.71981
vt 0.49831 0.71981
vt 0.49123 0.74867
vt 0.48324 0.99894
vt 0.49031 0.97008
vt 0.52248 0.97008
vt 0.52956 0.99894
vt 0.2325 0.87967
vt 0.20248 0.89116
vt 0.20226 0.84562
vt 0.19593 0.99906
vt 0.20742 0.96905
vt 0.24147 0.99929
vt 0.10892 0.62367
vt 0.10184 0.59481
vt 0.14816 0.59481
vt 0.14108 0.62367
vt 0.38309 0.65519
vt 0.39017 0.62633
vt 0.42233 0.62633
vt 0.42941 0.65519
vt 0.05407 0.86031
vt 0.04258 0.89033
vt 0.00853 0.86009
vt 0.18938 0.62033
vt 0.21939 0.60884
vt 0.21961 0.65438
vt 0.19627 0.56117
vt 0.18919 0.53231
vt 0.23551 0.53231
vt 0.22843 0.56117
vt 0.09544 0.56144
vt 0.10252 0.53258
vt 0.13468 0.53258
vt 0.14176 0.56144
vt 0.21845 0.78592
vt 0.18844 0.79741
vt 0.18821 0.75187
vt 0.10265 0.68283
vt 0.13267 0.67134
vt 0.13289 0.71688
vt 0.35892 0.71742
vt 0.35184 0.68856
vt 0.39816 0.68856
vt 0.39108 0.71742
vt 0.38309 0.99894
vt 0.39017 0.97008
vt 0.42233 0.97008
vt 0.42941 0.99894
vt 0.05407 0.95406
vt 0.04258 0.98408
vt 0.00853 0.95384
usemtl mat2
f 1117/1117/276 1118/1118/276 1119/1119/276
f 1120/1120/277 1121/1121/277 1122/1122/277
f 1120/1120/277 1122/1122/277 1123/1123/277
f 1124/1124/278 1125/1125/278 1126/1126/278
f 1124/1124/278 1126/1126/278 1127/1127/278
f 1128/1128/279 1129/1129/279 1130/1130/279
f 1131/1131/280 1132/1132/280 1133/1133/280
f 1134/1134/281 1135/1135/281 1136/1136/281
f 1134/1134/281 1136/1136/281 1137/1137/281
f 1138/1138/282 1139/1139/282 1140/1140/282
f 1138/1138/282 1140/1140/282 1141/1141/282
f 1142/1142/283 1143/1143/283 1144/1144/283
f 1145/1145/284 1146/1146/284 1147/1147/284
f 1148/1148/285 1149/1149/285 1150/1150/285
f 1148/1148/285 1150/1150/285 1151/1151/285
f 1152/1152/286 1153/1153/286 1154/1154/286
f 1152/1152/286 1154/1154/286 1155/1155/286
f 1156/1156/287 1157/1157/287 1158/1158/287
f 1159/1159/288 1160/1160/288 1161/1161/288
f 1162/1162/289 1163/1163/289 1164/1164/289
f 1162/1162/289 1164/1164/289 1165/1165/289
f 1166/1166/290 1167/1167/290 1168/1168/290
f 1166/1166/290 1168/1168/290 1169/1169/290
f 1170/1170/291 1171/1171/291 1172/1172/291
f 1173/1173/292 1174/1174/292 1175/1175/292
f 1176/1176/293 1177/1177/293 1178/1178/293
f 1176/1176/293 1178/1178/293 1179/1179/293
f 1180/1180/294 1181/1181/294 1182/1182/294
f 1180/1180/294 1182/1182/294 1183/1183/294
f 1184/1184/295 1185/1185/295 1186/1186/295
f 1187/1187/296 1188/1188/296 1189/1189/296
f 1190/1190/297 1191/1191/297 1192/1192/297
f 1190/1190/297 1192/1192/297 1193/1193/297
f 1194/1194/298 1195/1195/298 1196/1196/298
f 1194/1194/298 1196/1196/298 1197/1197/298
f 1198/1198/299 1199/1199/299 1200/1200/299
f 1201/1201/300 1202/1202/300 1203/1203/300
f 1204/1204/301 1205/1205/301 1206/1206/301
f 1204/1204/301 1206/1206/301 1207/1207/301
f 1208/1208/302 1209/1209/302 1210/1210/302
f 1208/1208/302 1210/1210/302 1211/1211/302
f 1212/1212/303 1213/1213/303 1214/1214/303
f 1215/1215/304 1216/1216/304 1217/1217/304
f 1218/1218/305 1219/1219/305 1220/1220/305
f 1218/1218/305 1220/1220/305 1221/1221/305
f 1222/1222/306 1223/1223/306 1224/1224/306
f 1222/1222/306 1224/1224/306 1225/1225/306
f 1226/1226/307 1227/1227/307 1228/1228/307
# Vertices: 112, normals: 32, texture coordinates: 112, faces: 48

o obj14
v -0.19445437 0.99859875 -0.06492063
v -0.08054563 0.99859875 -0.17882937
v 0 1.059375 0.015625
v -0.27500001 0.81206875 -0.09828375
v -0.11390875 0.81206875 -0.25937501
v -0.08054563 0.99859875 -0.17882937
v -0.19445437 0.99859875 -0.06492063
v -0.19445437 0.62553938 -0.06492063
v -0.08054563 0.62553938 -0.17882937
v -0.11390875 0.81206875 -0.25937501
v -0.27500001 0.81206875 -0.09828375
v -0.08054563 0.62553938 -0.17882937
v -0.19445437 0.62553938 -0.06492063
v 0 0.58125 0.015625
v -0.19445437 0.99859875 0.09617063
v -0.19445437 0.99859875 -0.06492063
v 0 1.059375 0.015625
v -0.27500001 0.81206875 0.12953375
v -0.27500001 0.81206875 -0.09828375
v -0.19445437 0.99859875 -0.06492063
v -0.19445437 0.99859875 0.09617063
v -0.19445437 0.62553938 0.09617063
v -0.19445437 0.62553938 -0.06492063
v -0.27500001 0.81206875 -0.09828375
v -0.27500001 0.81206875 0.12953375
v -0.19445437 0.62553938 -0.06492063
v -0.19445437 0.62553938 0.09617063
v 0 0.58125 0.015625
v -0.08054563 0.99859875 0.21007937
v -0.19445437 0.99859875 0.09617063
v 0 1.059375 0.015625
v -0.11390875 0.81206875 0.29062501
v -0.27500001 0.81206875 0.12953375
v -0.19445437 0.99859875 0.09617063
v -0.08054563 0.99859875 0.21007937
v -0.08054563 0.62553938 0.21007937
v -0.19445437 0.62553938 0.09617063
v -0.27500001 0.81206875 0.12953375
v -0.11390875 0.81206875 0.29062501
v -0.19445437 0.62553938 0.09617063
v -0.08054563 0.62553938 0.21007937
v 0 0.58125 0.015625
v 0.08054563 0.99859875 0.21007937
v -0.08054563 0.99859875 0.21007937
v 0 1.059375 0.015625
v 0.11390875 0.81206875 0.29062501
v -0.11390875 0.81206875 0.29062501
v -0.08054563 0.99859875 0.21007937
v 0.08054563 0.99859875 0.21007937
v 0.08054563 0.62553938 0.21007937
v -0.08054563 0.62553938 0.21007937
v -0.11390875 0.81206875 0.29062501
v 0.11390875 0.81206875 0.29062501
v -0.08054563 0.62553938 0.21007937
v 0.08054563 0.62553938 0.21007937
v 0 0.58125 0.015625
v 0.19445437 0.99859875 0.09617063
v 0.08054563 0.99859875 0.21007937
v 0 1.059375 0.015625
v 0.27500001 0.81206875 0.12953375
v 0.11390875 0.81206875 0.29062501
v 0.08054563 0.99859875 0.21007937
v 0.19445437 0.99859875 0.09617063
v 0.19445437 0.62553938 0.09617063
v 0.08054563 0.62553938 0.21007937
v 0.11390875 0.81206875 0.29062501
v 0.27500001 0.81206875 0.12953375
v 0.08054563 0.62553938 0.21007937
v 0.19445437 0.62553938 0.09617063
v 0 0.58125 0.015625
v 0.19445437 0.99859875 -0.06492063
v 0.19445437 0.99859875 0.09617063
v 0 1.059375 0.015625
v 0.27500001 0.81206875 -0.09828375
v 0.27500001 0.81206875 0.12953375
v 0.19445437 0.99859875 0.09617063
v 0.19445437 0.99859875 -0.06492063
v 0.19445437 0.62553938 -0.06492063
v 0.19445437 0.62553938 0.09617063
v 0.27500001 0.81206875 0.12953375
v 0.27500001 0.81206875 -0.09828375
v 0.19445437 0.62553938 0.09617063
v 0.19445437 0.62553938 -0.06492063
v 0 0.58125 0.015625
v 0.08054563 0.99859875 -0.17882937
v 0.19445437 0.99859875 -0.06492063
v 0 1.059375 0.015625
v 0.11390875 0.81206875 -0.25937501
v 0.27500001 0.81206875 -0.09828375
v 0.19445437 0.99859875 -0.06492063
v 0.08054563 0.99859875 -0.17882937
v 0.08054563 0.62553938 -0.17882937
v 0.19445437 0.62553938 -0.06492063
v 0.27500001 0.81206875 -0.09828375
v 0.11390875 0.81206875 -0.25937501
v 0.19445437 0.62553938 -0.06492063
v 0.08054563 0.62553938 -0.17882937
v 0 0.58125 0.015625
v -0.08054563 0.99859875 -0.17882937
v 0.08054563 0.99859875 -0.17882937
v 0 1.059375 0.015625
v -0.11390875 0.81206875 -0.25937501
v 0.11390875 0.81206875 -0.25937501
v 0.08054563 0.99859875 -0.17882937
v -0.08054563 0.99859875 -0.17882937
v 0.08054563 0.62553938 -0.17882937
v -0.08054563 0.62553938 -0.17882937
v 0 0.58125 0.015625
v -0.08054563 0.62553938 -0.17882937
v 0.08054563 0.62553938 -0.17882937
v 0.11390875 0.81206875 -0.25937501
v -0.11390875 0.81206875 -0.25937501
vn -0.21094 -0.95447 -0.21094
vn -0.64917 -0.39643 -0.64917
vn -0.64917 0.39643 -0.64917
vn -0.15703 0.97503 -0.15703
vn -0.29832 -0.95447 0
vn -0.91806 -0.39643 0
vn -0.91806 0.39643 0
vn -0.22207 0.97503 0
vn -0.21094 -0.95447 0.21094
vn -0.64917 -0.39643 0.64917
vn -0.64917 0.39643 0.64917
vn -0.15703 0.97503 0.15703
vn 0 -0.95447 0.29832
vn 0 -0.39643 0.91806
vn 0 0.39643 0.91806
vn 0 0.97503 0.22207
vn 0.21094 -0.95447 0.21094
vn 0.64917 -0.39643 0.64917
vn 0.64917 0.39643 0.64917
vn 0.15703 0.97503 0.15703
vn 0.29832 -0.95447 0
vn 0.91806 -0.39643 0
vn 0.91806 0.39643 0
vn 0.22207 0.97503 -0
vn 0.21094 -0.95447 -0.21094
vn 0.64917 -0.39643 -0.64917
vn 0.64917 0.39643 -0.64917
vn 0.15703 0.97503 -0.15703
vn -0 -0.95447 -0.29832
vn 0 -0.39643 -0.91806
vn 0 0.97503 -0.22207
vn 0 0.39643 -0.91806
vt 0.04943 0.562
vt 0.08546 0.54776
vt 0.08557 0.60071
vt 0.13132 0.70376
vt 0.18673 0.70376
vt 0.17851 0.74924
vt 0.13954 0.74924
vt 0.06141 0.71951
vt 0.10038 0.71951
vt 0.1086 0.76499
vt 0.05319 0.76499
vt 0.45998 0.56274
vt 0.42407 0.57725
vt 0.42397 0.52528
vt 0.11113 0.57763
vt 0.14716 0.56338
vt 0.14726 0.61634
vt 0.20667 0.82876
vt 0.26208 0.82876
vt 0.25386 0.87424
vt 0.21489 0.87424
vt 0.15239 0.76638
vt 0.19136 0.76638
vt 0.19958 0.81186
vt 0.14417 0.81186
vt 0.45912 0.64087
vt 0.42321 0.65537
vt 0.42311 0.60341
vt 0.40713 0.99792
vt 0.42138 0.96189
vt 0.46009 0.99802
vt 0.29765 0.89126
vt 0.35306 0.89126
vt 0.34484 0.93674
vt 0.30587 0.93674
vt 0.25899 0.95388
vt 0.29796 0.95388
vt 0.30618 0.99936
vt 0.25077 0.99936
vt 0.20826 0.54712
vt 0.17235 0.56162
vt 0.17225 0.50966
vt 0.36113 0.85888
vt 0.39716 0.84463
vt 0.39726 0.89759
vt 0.12855 0.82876
vt 0.18395 0.82876
vt 0.17573 0.87424
vt 0.13677 0.87424
vt 0.10552 0.95388
vt 0.14448 0.95388
vt 0.1527 0.99936
vt 0.0973 0.99936
vt 0.45912 0.92212
vt 0.42321 0.93662
vt 0.42311 0.88466
vt 0.18049 0.62292
vt 0.19473 0.58689
vt 0.23345 0.62302
vt 0.28757 0.70376
vt 0.34298 0.70376
vt 0.33476 0.74924
vt 0.29579 0.74924
vt 0.21766 0.70388
vt 0.25663 0.70388
vt 0.26485 0.74936
vt 0.20944 0.74936
vt 0.46006 0.80688
vt 0.44555 0.8428
vt 0.40809 0.80678
vt 0.36113 0.60888
vt 0.39716 0.59463
vt 0.39726 0.64759
vt 0.2223 0.89126
vt 0.2777 0.89126
vt 0.26948 0.93674
vt 0.23052 0.93674
vt 0.23052 0.76638
vt 0.26948 0.76638
vt 0.2777 0.81186
vt 0.2223 0.81186
vt 0.39662 0.56274
vt 0.36071 0.57725
vt 0.36061 0.52528
vt 0.25088 0.62292
vt 0.26513 0.58689
vt 0.30384 0.62302
vt 0.00077 0.65689
vt 0.05618 0.65689
vt 0.04796 0.70237
vt 0.00899 0.70237
vt 0.29024 0.82888
vt 0.32921 0.82888
vt 0.33743 0.87436
vt 0.28202 0.87436
vt 0.45914 0.68188
vt 0.44464 0.7178
vt 0.40718 0.68178
vt 0.36113 0.73388
vt 0.39716 0.71963
vt 0.39726 0.77259
vt 0.14417 0.89126
vt 0.19958 0.89126
vt 0.19136 0.93674
vt 0.15239 0.93674
vt 0.33412 0.56274
vt 0.29821 0.57725
vt 0.29811 0.52528
vt 0.18364 0.95388
vt 0.22261 0.95388
vt 0.23083 0.99936
vt 0.17542 0.99936
usemtl mat3
f 1229/1229/308 1230/1230/308 1231/1231/308
f 1232/1232/309 1233/1233/309 1234/1234/309
f 1232/1232/309 1234/1234/309 1235/1235/309
f 1236/1236/310 1237/1237/310 1238/1238/310
f 1236/1236/310 1238/1238/310 1239/1239/310
f 1240/1240/311 1241/1241/311 1242/1242/311
f 1243/1243/312 1244/1244/312 1245/1245/312
f 1246/1246/313 1247/1247/313 1248/1248/313
f 1246/1246/313 1248/1248/313 1249/1249/313
f 1250/1250/314 1251/1251/314 1252/1252/314
f 1250/1250/314 1252/1252/314 1253/1253/314
f 1254/1254/315 1255/1255/315 1256/1256/315
f 1257/1257/316 1258/1258/316 1259/1259/316
f 1260/1260/317 1261/1261/317 1262/1262/317
f 1260/1260/317 1262/1262/317 1263/1263/317
f 1264/1264/318 1265/1265/318 1266/1266/318
f 1264/1264/318 1266/1266/318 1267/1267/318
f 1268/1268/319 1269/1269/319 1270/1270/319
f 1271/1271/320 1272/1272/320 1273/1273/320
f 1274/1274/321 1275/1275/321 1276/1276/321
f 1274/1274/321 1276/1276/321 1277/1277/321
f 1278/1278/322 1279/1279/322 1280/1280/322
f 1278/1278/322 1280/1280/322 1281/1281/322
f 1282/1282/323 1283/1283/323 1284/1284/323
f 1285/1285/324 1286/1286/324 1287/1287/324
f 1288/1288/325 1289/1289/325 1290/1290/325
f 1288/1288/325 1290/1290/325 1291/1291/325
f 1292/1292/326 1293/1293/326 1294/1294/326
f 1292/1292/326 1294/1294/326 1295/1295/326
f 1296/1296/327 1297/1297/327 1298/1298/327
f 1299/1299/328 1300/1300/328 1301/1301/328
f 1302/1302/329 1303/1303/329 1304/1304/329
f 1302/1302/329 1304/1304/329 1305/1305/329
f 1306/1306/330 1307/1307/330 1308/1308/330
f 1306/1306/330 1308/1308/330 1309/1309/330
f 1310/1310/331 1311/1311/331 1312/1312/331
f 1313/1313/332 1314/1314/332 1315/1315/332
f 1316/1316/333 1317/1317/333 1318/1318/333
f 1316/1316/333 1318/1318/333 1319/1319/333
f 1320/1320/334 1321/1321/334 1322/1322/334
f 1320/1320/334 1322/1322/334 1323/1323/334
f 1324/1324/335 1325/1325/335 1326/1326/335
f 1327/1327/336 1328/1328/336 1329/1329/336
f 1330/1330/337 1331/1331/337 1332/1332/337
f 1330/1330/337 1332/1332/337 1333/1333/337
f 1334/1334/338 1335/1335/338 1336/1336/338
f 1337/1337/339 1338/1338/339 1339/1339/339
f 1337/1337/339 1339/1339/339 1340/1340/339
# Vertices: 112, normals: 32, texture coordinates: 112, faces: 48

o obj15
v -0.02977188 0.2375 -0.05625001
v -0.071875 0.2375 -0.02000438
v -0 0.2375 0.005625
v -0.071875 0.5 0.06249562
v -0.02977188 0.5 0.02625
v -0.02977188 0.76249999 -0.05625001
v -0.071875 0.76249999 -0.02000438
v -0.071875 0.76249999 -0.02000438
v -0.02977188 0.76249999 -0.05625001
v -0 0.76249999 0.005625
v -0.071875 0.2375 -0.02000438
v -0.071875 0.2375 0.03125437
v -0 0.2375 0.005625
v -0.071875 0.5 0.11375438
v -0.071875 0.5 0.06249562
v -0.071875 0.76249999 -0.02000438
v -0.071875 0.76249999 0.03125437
v -0.071875 0.76249999 0.03125437
v -0.071875 0.76249999 -0.02000438
v -0 0.76249999 0.005625
v -0.071875 0.2375 0.03125437
v -0.02977188 0.2375 0.0675
v -0 0.2375 0.005625
v -0.02977188 0.5 0.15
v -0.071875 0.5 0.11375438
v -0.071875 0.76249999 0.03125437
v -0.02977188 0.76249999 0.0675
v -0.02977188 0.76249999 0.0675
v -0.071875 0.76249999 0.03125437
v -0 0.76249999 0.005625
v -0.02977188 0.2375 0.0675
v 0.02977188 0.2375 0.0675
v -0 0.2375 0.005625
v 0.02977188 0.5 0.15
v -0.02977188 0.5 0.15
v -0.02977188 0.76249999 0.0675
v 0.02977188 0.76249999 0.0675
v 0.02977188 0.76249999 0.0675
v -0.02977188 0.76249999 0.0675
v -0 0.76249999 0.005625
v 0.02977188 0.2375 0.0675
v 0.071875 0.2375 0.03125437
v -0 0.2375 0.005625
v 0.071875 0.5 0.11375438
v 0.02977188 0.5 0.15
v 0.02977188 0.76249999 0.0675
v 0.071875 0.76249999 0.03125437
v 0.071875 0.76249999 0.03125437
v 0.02977188 0.76249999 0.0675
v -0 0.76249999 0.005625
v 0.071875 0.2375 0.03125437
v 0.071875 0.2375 -0.02000438
v -0 0.2375 0.005625
v 0.071875 0.5 0.06249562
v 0.071875 0.5 0.11375438
v 0.071875 0.76249999 0.03125437
v 0.071875 0.76249999 -0.02000438
v 0.071875 0.76249999 -0.02000438
v 0.071875 0.76249999 0.03125437
v -0 0.76249999 0.005625
v 0.071875 0.2375 -0.02000438
v 0.02977188 0.2375 -0.05625001
v -0 0.2375 0.005625
v 0.02977188 0.5 0.02625
v 0.071875 0.5 0.06249562
v 0.071875 0.76249999 -0.02000438
v 0.02977188 0.76249999 -0.05625001
v 0.02977188 0.76249999 -0.05625001
v 0.071875 0.76249999 -0.02000438
v -0 0.76249999 0.005625
v 0.02977188 0.2375 -0.05625001
v -0.02977188 0.2375 -0.05625001
v -0 0.2375 0.005625
v -0.02977188 0.5 0.02625
v 0.02977188 0.5 0.02625
v 0.02977188 0.76249999 -0.05625001
v -0.02977188 0.76249999 -0.05625001
v -0.02977188 0.76249999 -0.05625001
v 0.02977188 0.76249999 -0.05625001
v -0 0.76249999 0.005625
v 0.071875 0.5 0.11375438
v 0.071875 0.5 0.06249562
v 0.071875 0.2375 -0.02000438
v 0.071875 0.2375 0.03125437
v 0.02977188 0.5 0.15
v 0.071875 0.5 0.11375438
v 0.071875 0.2375 0.03125437
v 0.02977188 0.2375 0.0675
v -0.02977188 0.5 0.15
v 0.02977188 0.5 0.15
v 0.02977188 0.2375 0.0675
v -0.02977188 0.2375 0.0675
v -0.071875 0.5 0.11375438
v -0.02977188 0.5 0.15
v -0.02977188 0.2375 0.0675
v -0.071875 0.2375 0.03125437
v -0.071875 0.5 0.06249562
v -0.071875 0.5 0.11375438
v -0.071875 0.2375 0.03125437
v -0.071875 0.2375 -0.02000438
v -0.02977188 0.5 0.02625
v -0.071875 0.5 0.06249562
v -0.071875 0.2375 -0.02000438
v -0.02977188 0.2375 -0.05625001
v 0.02977188 0.5 0.02625
v -0.02977188 0.5 0.02625
v -0.02977188 0.2375 -0.05625001
v 0.02977188 0.2375 -0.05625001
v 0.071875 0.5 0.06249562
v 0.02977188 0.5 0.02625
v 0.02977188 0.2375 -0.05625001
v 0.071875 0.2375 -0.02000438
vn 0 1 0
vn -0.63467 0.2317 -0.73723
vn -0 -1 0
vn -1 0 0
vn -0.63467 -0.2317 0.73723
vn 0 -0.29983 0.95399
vn 0.63467 -0.2317 0.73723
vn 1 0 0
vn 0.63467 0.2317 -0.73723
vn 0 0.29983 -0.95399
vn 0.63467 0.2317 0.73723
vn 0 0.29983 0.95399
vn -0.63467 0.2317 0.73723
vn -0.63467 -0.2317 -0.73723
vn 0 -0.29983 -0.95399
vn 0.63467 -0.2317 -0.73723
vt 0.57397 0.61068
vt 0.58338 0.61866
vt 0.56716 0.6245
vt 0.55447 0.95291
vt 0.55718 0.93773
vt 0.62402 0.93771
vt 0.62131 0.95289
vt 0.5365 0.44384
vt 0.5271 0.45182
vt 0.52029 0.438
vt 0.58369 0.61948
vt 0.58369 0.63084
vt 0.56741 0.62516
vt 0.08139 0.85714
vt 0.09387 0.85724
vt 0.11392 0.92098
vt 0.10144 0.92088
vt 0.53682 0.43166
vt 0.53682 0.44302
vt 0.52053 0.43734
vt 0.58338 0.63165
vt 0.57397 0.63963
vt 0.56716 0.62581
vt 0.18848 0.45291
vt 0.19119 0.43773
vt 0.25803 0.43771
vt 0.25532 0.45289
vt 0.5271 0.42287
vt 0.5365 0.43085
vt 0.52029 0.43669
vt 0.57303 0.64005
vt 0.55979 0.64005
vt 0.56641 0.62616
vt 0.59399 0.31347
vt 0.60913 0.31347
vt 0.60913 0.37403
vt 0.59399 0.37403
vt 0.51291 0.42245
vt 0.52615 0.42245
vt 0.51953 0.43634
vt 0.55884 0.63963
vt 0.54943 0.63165
vt 0.56565 0.62581
vt 0.40648 0.37869
vt 0.42166 0.37598
vt 0.42164 0.44282
vt 0.40646 0.44553
vt 0.50256 0.43085
vt 0.51197 0.42287
vt 0.51877 0.43669
vt 0.54912 0.63084
vt 0.54912 0.61948
vt 0.56541 0.62516
vt 0.02332 0.84006
vt 0.0358 0.83995
vt 0.01574 0.90369
vt 0.00326 0.9038
vt 0.50225 0.44302
vt 0.50225 0.43166
vt 0.51853 0.43734
vt 0.54943 0.61866
vt 0.55884 0.61068
vt 0.56565 0.6245
vt 0.28148 0.38531
vt 0.29666 0.3826
vt 0.29664 0.44943
vt 0.28146 0.45215
vt 0.51197 0.45182
vt 0.50256 0.44384
vt 0.51877 0.438
vt 0.55979 0.61026
vt 0.57303 0.61026
vt 0.56641 0.62416
vt 0.31274 0.31347
vt 0.32788 0.31347
vt 0.32788 0.37403
vt 0.31274 0.37403
vt 0.52615 0.45224
vt 0.51291 0.45224
vt 0.51953 0.43834
vt 0.0358 0.83817
vt 0.02332 0.83807
vt 0.00326 0.77433
vt 0.01574 0.77443
vt 0.07715 0.43771
vt 0.07444 0.45289
vt 0.0076 0.45291
vt 0.01031 0.43773
vt 0.48413 0.37403
vt 0.46899 0.37403
vt 0.46899 0.31347
vt 0.48413 0.31347
vt 0.45289 0.49631
vt 0.43771 0.49902
vt 0.43773 0.43218
vt 0.45291 0.42947
vt 0.09387 0.85526
vt 0.08139 0.85536
vt 0.10144 0.79162
vt 0.11392 0.79152
vt 0.48414 0.45844
vt 0.46896 0.46115
vt 0.46898 0.39432
vt 0.48416 0.3916
vt 0.45288 0.40528
vt 0.43774 0.40528
vt 0.43774 0.34472
vt 0.45288 0.34472
vt 0.38303 0.43771
vt 0.38032 0.45289
vt 0.31348 0.45291
vt 0.31619 0.43773
usemtl mat3
f 1341/1341/340 1342/1342/340 1343/1343/340
f 1344/1344/341 1345/1345/341 1346/1346/341
f 1344/1344/341 1346/1346/341 1347/1347/341
f 1348/1348/342 1349/1349/342 1350/1350/342
f 1351/1351/340 1352/1352/340 1353/1353/340
f 1354/1354/343 1355/1355/343 1356/1356/343
f 1354/1354/343 1356/1356/343 1357/1357/343
f 1358/1358/342 1359/1359/342 1360/1360/342
f 1361/1361/340 1362/1362/340 1363/1363/340
f 1364/1364/344 1365/1365/344 1366/1366/344
f 1364/1364/344 1366/1366/344 1367/1367/344
f 1368/1368/342 1369/1369/342 1370/1370/342
f 1371/1371/340 1372/1372/340 1373/1373/340
f 1374/1374/345 1375/1375/345 1376/1376/345
f 1374/1374/345 1376/1376/345 1377/1377/345
f 1378/1378/342 1379/1379/342 1380/1380/342
f 1381/1381/340 1382/1382/340 1383/1383/340
f 1384/1384/346 1385/1385/346 1386/1386/346
f 1384/1384/346 1386/1386/346 1387/1387/346
f 1388/1388/342 1389/1389/342 1390/1390/342
f 1391/1391/340 1392/1392/340 1393/1393/340
f 1394/1394/347 1395/1395/347 1396/1396/347
f 1394/1394/347 1396/1396/347 1397/1397/347
f 1398/1398/342 1399/1399/342 1400/1400/342
f 1401/1401/340 1402/1402/340 1403/1403/340
f 1404/1404/348 1405/1405/348 1406/1406/348
f 1404/1404/348 1406/1406/348 1407/1407/348
f 1408/1408/342 1409/1409/342 1410/1410/342
f 1411/1411/340 1412/1412/340 1413/1413/340
f 1414/1414/349 1415/1415/349 1416/1416/349
f 1414/1414/349 1416/1416/349 1417/1417/349
f 1418/1418/342 1419/1419/342 1420/1420/342
f 1421/1421/347 1422/1422/347 1423/1423/347
f 1421/1421/347 1423/1423/347 1424/1424/347
f 1425/1425/350 1426/1426/350 1427/1427/350
f 1425/1425/350 1427/1427/350 1428/1428/350
f 1429/1429/351 1430/1430/351 1431/1431/351
f 1429/1429/351 1431/1431/351 1432/1432/351
f 1433/1433/352 1434/1434/352 1435/1435/352
f 1433/1433/352 1435/1435/352 1436/1436/352
f 1437/1437/343 1438/1438/343 1439/1439/343
f 1437/1437/343 1439/1439/343 1440/1440/343
f 1441/1441/353 1442/1442/353 1443/1443/353
f 1441/1441/353 1443/1443/353 1444/1444/353
f 1445/1445/354 1446/1446/354 1447/1447/354
f 1445/1445/354 1447/1447/354 1448/1448/354
f 1449/1449/355 1450/1450/355 1451/1451/355
f 1449/1449/355 1451/1451/355 1452/1452/355
# Vertices: 112, normals: 16, texture coordinates: 112, faces: 48

o obj16
v -0.01710358 0.2375 -0.02120892
v -0.11235705 0.2375 0.00365913
v -0.08485281 0.3125 0.1161028
v -0.11235705 0.3125 0.00365913
v -0.11235705 0.2375 0.00365913
v -0.01710358 0.2375 -0.02120892
v -0.01710358 0.3125 -0.02120892
v -0.11235705 0.3125 0.00365913
v -0.01710358 0.3125 -0.02120892
v -0.08485281 0.3875 0.1161028
v -0.11235705 0.2375 0.00365913
v -0.21129144 0.33125 0.07460359
v -0.08485281 0.3125 0.1161028
v -0.21129144 0.3875 0.07460359
v -0.21129144 0.33125 0.07460359
v -0.11235705 0.2375 0.00365913
v -0.11235705 0.3125 0.00365913
v -0.21129144 0.3875 0.07460359
v -0.11235705 0.3125 0.00365913
v -0.08485281 0.3875 0.1161028
v -0.21129144 0.33125 0.07460359
v -0.27342978 0.3125 0.23511725
v -0.08485281 0.3125 0.1161028
v -0.22216453 0.3875 0.183852
v -0.27342978 0.3125 0.23511725
v -0.21129144 0.33125 0.07460359
v -0.21129144 0.3875 0.07460359
v -0.22216453 0.3875 0.183852
v -0.21129144 0.3875 0.07460359
v -0.08485281 0.3875 0.1161028
v -0.27342978 0.3125 0.23511725
v -0.20386728 0.3125 0.30467976
v -0.08485281 0.3125 0.1161028
v -0.15260203 0.3875 0.25341451
v -0.20386728 0.3125 0.30467976
v -0.27342978 0.3125 0.23511725
v -0.22216453 0.3875 0.183852
v -0.15260203 0.3875 0.25341451
v -0.22216453 0.3875 0.183852
v -0.08485281 0.3875 0.1161028
v -0.20386728 0.3125 0.30467976
v -0.04335361 0.33125 0.24254144
v -0.08485281 0.3125 0.1161028
v -0.04335361 0.3875 0.24254144
v -0.04335361 0.33125 0.24254144
v -0.20386728 0.3125 0.30467976
v -0.15260203 0.3875 0.25341451
v -0.04335361 0.3875 0.24254144
v -0.15260203 0.3875 0.25341451
v -0.08485281 0.3875 0.1161028
v -0.04335361 0.33125 0.24254144
v 0.02759086 0.2375 0.14360705
v -0.08485281 0.3125 0.1161028
v 0.02759086 0.3125 0.14360705
v 0.02759086 0.2375 0.14360705
v -0.04335361 0.33125 0.24254144
v -0.04335361 0.3875 0.24254144
v 0.02759086 0.3125 0.14360705
v -0.04335361 0.3875 0.24254144
v -0.08485281 0.3875 0.1161028
v 0.02759086 0.2375 0.14360705
v 0.05245892 0.2375 0.04835359
v -0.08485281 0.3125 0.1161028
v 0.05245892 0.3125 0.04835359
v 0.05245892 0.2375 0.04835359
v 0.02759086 0.2375 0.14360705
v 0.02759086 0.3125 0.14360705
v 0.05245892 0.3125 0.04835359
v 0.02759086 0.3125 0.14360705
v -0.08485281 0.3875 0.1161028
v 0.05245892 0.2375 0.04835359
v -0.01710358 0.2375 -0.02120892
v -0.08485281 0.3125 0.1161028
v -0.01710358 0.3125 -0.02120892
v -0.01710358 0.2375 -0.02120892
v 0.05245892 0.2375 0.04835359
v 0.05245892 0.3125 0.04835359
v -0.01710358 0.3125 -0.02120892
v 0.05245892 0.3125 0.04835359
v -0.08485281 0.3875 0.1161028
vn 0.46918 0.83922 0.27492
vn -0.86279 0 -0.50556
vn -0.46918 -0.83922 -0.27492
vn 0.19564 0.7572 0.62319
vn -0.9867 0 -0.16257
vn -0.27384 -0.7949 -0.54143
vn -0.17538 0.9837 -0.03966
vn -0.82136 -0.39645 0.41012
vn 0 -1 0
vn 0 1 0
vn 0 -0.69502 0.71899
vn 0.17538 0.9837 -0.03966
vn 0.9147 0 0.40414
vn -0.19564 0.7572 0.62319
vn 0.9867 0 -0.16257
vn 0.27384 -0.7949 -0.54143
vn -0.46918 0.83922 0.27492
vn 0.86279 0 -0.50556
vn 0.46918 -0.83922 -0.27492
vn -0 0.88822 0.45942
vn 0 0 -1
vn -0 -0.88822 -0.45942
vt 0.34895 0.3278
vt 0.3628 0.30916
vt 0.38966 0.32785
vt 0.71964 0.43705
vt 0.71964 0.42232
vt 0.74911 0.42232
vt 0.74911 0.43705
vt 0.55409 0.32113
vt 0.5773 0.32088
vt 0.55341 0.35386
vt 0.56405 0.44109
vt 0.60067 0.4411
vt 0.58311 0.46775
vt 0.58984 0.2959
vt 0.57931 0.28739
vt 0.57915 0.25085
vt 0.5932 0.26216
vt 0.56547 0.41768
vt 0.56546 0.3837
vt 0.59275 0.40179
vt 0.50643 0.62403
vt 0.47309 0.59921
vt 0.52693 0.59925
vt 0.7223 0.49925
vt 0.7041 0.48461
vt 0.74548 0.48473
vt 0.74695 0.49425
vt 0.18426 0.64943
vt 0.20057 0.66954
vt 0.17251 0.68391
vt 0.12064 0.47827
vt 0.09774 0.48344
vt 0.0976 0.4296
vt 0.00071 0.74929
vt 0.00071 0.71946
vt 0.03054 0.71946
vt 0.03054 0.74929
vt 0.16029 0.64914
vt 0.18346 0.64914
vt 0.17188 0.68369
vt 0.54254 0.91171
vt 0.50919 0.93653
vt 0.4887 0.91175
vt 0.25462 0.31156
vt 0.24139 0.31007
vt 0.24125 0.26865
vt 0.25706 0.28687
vt 0.14318 0.66954
vt 0.15949 0.64943
vt 0.17124 0.68391
vt 0.56294 0.84285
vt 0.56293 0.80624
vt 0.5896 0.8253
vt 0.69977 0.81193
vt 0.68846 0.79715
vt 0.72501 0.79731
vt 0.73352 0.80857
vt 0.59464 0.65671
vt 0.62862 0.65673
vt 0.61273 0.68401
vt 0.65727 0.59134
vt 0.68049 0.59109
vt 0.6566 0.62406
vt 0.37589 0.93705
vt 0.37589 0.92232
vt 0.40536 0.92232
vt 0.40536 0.93705
vt 0.65719 0.43364
vt 0.67104 0.41501
vt 0.69791 0.4337
vt 0.36408 0.35561
vt 0.38635 0.3489
vt 0.38649 0.38967
vt 0.04777 0.79643
vt 0.04777 0.7817
vt 0.07723 0.7817
vt 0.07723 0.79643
vt 0.6124 0.72625
vt 0.61911 0.70398
vt 0.65317 0.72638
usemtl mat3
f 1453/1453/356 1454/1454/356 1455/1455/356
f 1456/1456/357 1457/1457/357 1458/1458/357
f 1456/1456/357 1458/1458/357 1459/1459/357
f 1460/1460/358 1461/1461/358 1462/1462/358
f 1463/1463/359 1464/1464/359 1465/1465/359
f 1466/1466/360 1467/1467/360 1468/1468/360
f 1466/1466/360 1468/1468/360 1469/1469/360
f 1470/1470/361 1471/1471/361 1472/1472/361
f 1473/1473/362 1474/1474/362 1475/1475/362
f 1476/1476/363 1477/1477/363 1478/1478/363
f 1476/1476/363 1478/1478/363 1479/1479/363
f 1480/1480/364 1481/1481/364 1482/1482/364
f 1483/1483/365 1484/1484/365 1485/1485/365
f 1486/1486/366 1487/1487/366 1488/1488/366
f 1486/1486/366 1488/1488/366 1489/1489/366
f 1490/1490/364 1491/1491/364 1492/1492/364
f 1493/1493/367 1494/1494/367 1495/1495/367
f 1496/1496/368 1497/1497/368 1498/1498/368
f 1496/1496/368 1498/1498/368 1499/1499/368
f 1500/1500/364 1501/1501/364 1502/1502/364
f 1503/1503/369 1504/1504/369 1505/1505/369
f 1506/1506/370 1507/1507/370 1508/1508/370
f 1506/1506/370 1508/1508/370 1509/1509/370
f 1510/1510/371 1511/1511/371 1512/1512/371
f 1513/1513/372 1514/1514/372 1515/1515/372
f 1516/1516/373 1517/1517/373 1518/1518/373
f 1516/1516/373 1518/1518/373 1519/1519/373
f 1520/1520/374 1521/1521/374 1522/1522/374
f 1523/1523/375 1524/1524/375 1525/1525/375
f 1526/1526/376 1527/1527/376 1528/1528/376
f 1526/1526/376 1528/1528/376 1529/1529/376
f 1530/1530/377 1531/1531/377 1532/1532/377
# Vertices: 80, normals: 22, texture coordinates: 80, faces: 32

o obj17
v -0.02759086 0.2375 -0.08110705
v -0.05245892 0.2375 0.01414641
v 0.08485281 0.3125 -0.0536028
v -0.05245892 0.2375 0.01414641
v -0.02759086 0.2375 -0.08110705
v -0.02759086 0.3125 -0.08110705
v -0.05245892 0.3125 0.01414641
v -0.05245892 0.3125 0.01414641
v -0.02759086 0.3125 -0.08110705
v 0.08485281 0.3875 -0.0536028
v 0.04335361 0.33125 -0.18004144
v -0.02759086 0.2375 -0.08110705
v 0.08485281 0.3125 -0.0536028
v -0.02759086 0.2375 -0.08110705
v 0.04335361 0.33125 -0.18004144
v 0.04335361 0.3875 -0.18004144
v -0.02759086 0.3125 -0.08110705
v -0.02759086 0.3125 -0.08110705
v 0.04335361 0.3875 -0.18004144
v 0.08485281 0.3875 -0.0536028
v 0.20386728 0.3125 -0.24217976
v 0.04335361 0.33125 -0.18004144
v 0.08485281 0.3125 -0.0536028
v 0.04335361 0.33125 -0.18004144
v 0.20386728 0.3125 -0.24217976
v 0.15260203 0.3875 -0.19091451
v 0.04335361 0.3875 -0.18004144
v 0.04335361 0.3875 -0.18004144
v 0.15260203 0.3875 -0.19091451
v 0.08485281 0.3875 -0.0536028
v 0.27342978 0.3125 -0.17261725
v 0.20386728 0.3125 -0.24217976
v 0.08485281 0.3125 -0.0536028
v 0.20386728 0.3125 -0.24217976
v 0.27342978 0.3125 -0.17261725
v 0.22216453 0.3875 -0.121352
v 0.15260203 0.3875 -0.19091451
v 0.15260203 0.3875 -0.19091451
v 0.22216453 0.3875 -0.121352
v 0.08485281 0.3875 -0.0536028
v 0.21129144 0.33125 -0.01210359
v 0.27342978 0.3125 -0.17261725
v 0.08485281 0.3125 -0.0536028
v 0.27342978 0.3125 -0.17261725
v 0.21129144 0.33125 -0.01210359
v 0.21129144 0.3875 -0.01210359
v 0.22216453 0.3875 -0.121352
v 0.22216453 0.3875 -0.121352
v 0.21129144 0.3875 -0.01210359
v 0.08485281 0.3875 -0.0536028
v 0.11235705 0.2375 0.05884087
v 0.21129144 0.33125 -0.01210359
v 0.08485281 0.3125 -0.0536028
v 0.21129144 0.33125 -0.01210359
v 0.11235705 0.2375 0.05884087
v 0.11235705 0.3125 0.05884087
v 0.21129144 0.3875 -0.01210359
v 0.21129144 0.3875 -0.01210359
v 0.11235705 0.3125 0.05884087
v 0.08485281 0.3875 -0.0536028
v 0.01710358 0.2375 0.08370892
v 0.11235705 0.2375 0.05884087
v 0.08485281 0.3125 -0.0536028
v 0.11235705 0.2375 0.05884087
v 0.01710358 0.2375 0.08370892
v 0.01710358 0.3125 0.08370892
v 0.11235705 0.3125 0.05884087
v 0.11235705 0.3125 0.05884087
v 0.01710358 0.3125 0.08370892
v 0.08485281 0.3875 -0.0536028
v -0.05245892 0.2375 0.01414641
v 0.01710358 0.2375 0.08370892
v 0.08485281 0.3125 -0.0536028
v 0.01710358 0.2375 0.08370892
v -0.05245892 0.2375 0.01414641
v -0.05245892 0.3125 0.01414641
v 0.01710358 0.3125 0.08370892
v 0.01710358 0.3125 0.08370892
v -0.05245892 0.3125 0.01414641
v 0.08485281 0.3875 -0.0536028
vn 0.46918 0.83922 -0.27492
vn -0.86279 0 0.50556
vn -0.46918 -0.83922 0.27492
vn 0.19564 0.7572 -0.62319
vn -0.9867 0 0.16257
vn -0.27384 -0.7949 0.54143
vn -0.17538 0.9837 0.03966
vn -0.82136 -0.39645 -0.41012
vn -0 -1 0
vn -0 1 0
vn 0 -0.69502 -0.71899
vn 0.17538 0.9837 0.03966
vn 0.9147 0 -0.40414
vn -0.19564 0.7572 -0.62319
vn 0.9867 0 0.16257
vn 0.27384 -0.7949 0.54143
vn -0.46918 0.83922 -0.27492
vn 0.86279 0 0.50556
vn 0.46918 -0.83922 0.27492
vn 0 0.88822 -0.45942
vn 0 0 1
vn 0 -0.88822 0.45942
vt 0.65727 0.46634
vt 0.68049 0.46609
vt 0.6566 0.49906
vt 0.42277 0.25045
vt 0.45223 0.25045
vt 0.45223 0.26518
vt 0.42277 0.26518
vt 0.67282 0.76177
vt 0.68667 0.74313
vt 0.71354 0.76183
vt 0.56294 0.53035
vt 0.56293 0.49374
vt 0.5896 0.5128
vt 0.70409 0.59402
vt 0.74064 0.59419
vt 0.74914 0.60545
vt 0.71539 0.60881
vt 0.61026 0.82859
vt 0.64424 0.82861
vt 0.62836 0.85589
vt 0.26129 0.47421
vt 0.22794 0.49903
vt 0.20745 0.47425
vt 0.19299 0.308
vt 0.19285 0.26658
vt 0.21014 0.28474
vt 0.20512 0.30947
vt 0.05995 0.61671
vt 0.04363 0.63682
vt 0.03188 0.60234
vt 0.53556 0.99964
vt 0.54074 0.97674
vt 0.5894 0.99978
vt 0.23508 0.32883
vt 0.26492 0.32883
vt 0.26492 0.35867
vt 0.23508 0.35867
vt 0.04283 0.63711
vt 0.01967 0.63711
vt 0.03125 0.60256
vt 0.53768 0.78028
vt 0.50434 0.75546
vt 0.55818 0.7555
vt 0.70409 0.51588
vt 0.74549 0.51602
vt 0.74698 0.52809
vt 0.72233 0.53053
vt 0.01887 0.63682
vt 0.00255 0.61671
vt 0.03062 0.60234
vt 0.57967 0.75359
vt 0.61629 0.7536
vt 0.59874 0.78025
vt 0.11056 0.27176
vt 0.1104 0.23522
vt 0.12445 0.24653
vt 0.12109 0.28027
vt 0.11235 0.40206
vt 0.11233 0.36807
vt 0.13963 0.38617
vt 0.6927 0.9528
vt 0.70655 0.93416
vt 0.73341 0.95285
vt 0.73527 0.70357
vt 0.76473 0.70357
vt 0.76473 0.7183
vt 0.73527 0.7183
vt 0.66346 0.64926
vt 0.68668 0.64901
vt 0.66279 0.68198
vt 0.61408 0.48061
vt 0.63635 0.4739
vt 0.63649 0.51467
vt 0.73527 0.73482
vt 0.76473 0.73482
vt 0.76473 0.74955
vt 0.73527 0.74955
vt 0.14533 0.33574
vt 0.1676 0.32903
vt 0.16774 0.36979
usemtl mat3
f 1533/1533/378 1534/1534/378 1535/1535/378
f 1536/1536/379 1537/1537/379 1538/1538/379
f 1536/1536/379 1538/1538/379 1539/1539/379
f 1540/1540/380 1541/1541/380 1542/1542/380
f 1543/1543/381 1544/1544/381 1545/1545/381
f 1546/1546/382 1547/1547/382 1548/1548/382
f 1546/1546/382 1548/1548/382 1549/1549/382
f 1550/1550/383 1551/1551/383 1552/1552/383
f 1553/1553/384 1554/1554/384 1555/1555/384
f 1556/1556/385 1557/1557/385 1558/1558/385
f 1556/1556/385 1558/1558/385 1559/1559/385
f 1560/1560/386 1561/1561/386 1562/1562/386
f 1563/1563/387 1564/1564/387 1565/1565/387
f 1566/1566/388 1567/1567/388 1568/1568/388
f 1566/1566/388 1568/1568/388 1569/1569/388
f 1570/1570/386 1571/1571/386 1572/1572/386
f 1573/1573/389 1574/1574/389 1575/1575/389
f 1576/1576/390 1577/1577/390 1578/1578/390
f 1576/1576/390 1578/1578/390 1579/1579/390
f 1580/1580/386 1581/1581/386 1582/1582/386
f 1583/1583/391 1584/1584/391 1585/1585/391
f 1586/1586/392 1587/1587/392 1588/1588/392
f 1586/1586/392 1588/1588/392 1589/1589/392
f 1590/1590/393 1591/1591/393 1592/1592/393
f 1593/1593/394 1594/1594/394 1595/1595/394
f 1596/1596/395 1597/1597/395 1598/1598/395
f 1596/1596/395 1598/1598/395 1599/1599/395
f 1600/1600/396 1601/1601/396 1602/1602/396
f 1603/1603/397 1604/1604/397 1605/1605/397
f 1606/1606/398 1607/1607/398 1608/1608/398
f 1606/1606/398 1608/1608/398 1609/1609/398
f 1610/1610/399 1611/1611/399 1612/1612/399
# Vertices: 80, normals: 22, texture coordinates: 80, faces: 32

o obj18
v -0.05245892 0.2375 0.04835359
v -0.02759086 0.2375 0.14360705
v 0.08485281 0.3125 0.1161028
v -0.02759086 0.3125 0.14360705
v -0.02759086 0.2375 0.14360705
v -0.05245892 0.2375 0.04835359
v -0.05245892 0.3125 0.04835359
v -0.02759086 0.3125 0.14360705
v -0.05245892 0.3125 0.04835359
v 0.08485281 0.3875 0.1161028
v -0.02759086 0.2375 0.14360705
v 0.04335361 0.33125 0.24254144
v 0.08485281 0.3125 0.1161028
v 0.04335361 0.3875 0.24254144
v 0.04335361 0.33125 0.24254144
v -0.02759086 0.2375 0.14360705
v -0.02759086 0.3125 0.14360705
v 0.04335361 0.3875 0.24254144
v -0.02759086 0.3125 0.14360705
v 0.08485281 0.3875 0.1161028
v 0.04335361 0.33125 0.24254144
v 0.20386728 0.3125 0.30467976
v 0.08485281 0.3125 0.1161028
v 0.15260203 0.3875 0.25341451
v 0.20386728 0.3125 0.30467976
v 0.04335361 0.33125 0.24254144
v 0.04335361 0.3875 0.24254144
v 0.15260203 0.3875 0.25341451
v 0.04335361 0.3875 0.24254144
v 0.08485281 0.3875 0.1161028
v 0.20386728 0.3125 0.30467976
v 0.27342978 0.3125 0.23511725
v 0.08485281 0.3125 0.1161028
v 0.22216453 0.3875 0.183852
v 0.27342978 0.3125 0.23511725
v 0.20386728 0.3125 0.30467976
v 0.15260203 0.3875 0.25341451
v 0.22216453 0.3875 0.183852
v 0.15260203 0.3875 0.25341451
v 0.08485281 0.3875 0.1161028
v 0.27342978 0.3125 0.23511725
v 0.21129144 0.33125 0.07460359
v 0.08485281 0.3125 0.1161028
v 0.21129144 0.3875 0.07460359
v 0.21129144 0.33125 0.07460359
v 0.27342978 0.3125 0.23511725
v 0.22216453 0.3875 0.183852
v 0.21129144 0.3875 0.07460359
v 0.22216453 0.3875 0.183852
v 0.08485281 0.3875 0.1161028
v 0.21129144 0.33125 0.07460359
v 0.11235705 0.2375 0.00365913
v 0.08485281 0.3125 0.1161028
v 0.11235705 0.3125 0.00365913
v 0.11235705 0.2375 0.00365913
v 0.21129144 0.33125 0.07460359
v 0.21129144 0.3875 0.07460359
v 0.11235705 0.3125 0.00365913
v 0.21129144 0.3875 0.07460359
v 0.08485281 0.3875 0.1161028
v 0.11235705 0.2375 0.00365913
v 0.01710358 0.2375 -0.02120892
v 0.08485281 0.3125 0.1161028
v 0.01710358 0.3125 -0.02120892
v 0.01710358 0.2375 -0.02120892
v 0.11235705 0.2375 0.00365913
v 0.11235705 0.3125 0.00365913
v 0.01710358 0.3125 -0.02120892
v 0.11235705 0.3125 0.00365913
v 0.08485281 0.3875 0.1161028
v 0.01710358 0.2375 -0.02120892
v -0.05245892 0.2375 0.04835359
v 0.08485281 0.3125 0.1161028
v -0.05245892 0.3125 0.04835359
v -0.05245892 0.2375 0.04835359
v 0.01710358 0.2375 -0.02120892
v 0.01710358 0.3125 -0.02120892
v -0.05245892 0.3125 0.04835359
v 0.01710358 0.3125 -0.02120892
v 0.08485281 0.3875 0.1161028
vn 0.46918 0.83922 0.27492
vn -0.86279 0 -0.50556
vn -0.46918 -0.83922 -0.27492
vn 0.19564 0.7572 0.62319
vn -0.9867 0 -0.16257
vn -0.27384 -0.7949 -0.54143
vn -0.17538 0.9837 -0.03966
vn -0.82136 -0.39645 0.41012
vn 0 -1 0
vn 0 1 0
vn 0 -0.69502 0.71899
vn 0.17538 0.9837 -0.03966
vn 0.9147 0 0.40414
vn -0.19564 0.7572 0.62319
vn 0.9867 0 -0.16257
vn 0.27384 -0.7949 -0.54143
vn -0.46918 0.83922 0.27492
vn 0.86279 0 -0.50556
vn 0.46918 -0.83922 -0.27492
vn -0 0.88822 0.45942
vn 0 0 -1
vn -0 -0.88822 -0.45942
vt 0.67707 0.3903
vt 0.69092 0.37166
vt 0.71779 0.39035
vt 0.65714 0.2808
vt 0.65714 0.26607
vt 0.68661 0.26607
vt 0.68661 0.2808
vt 0.05409 0.30551
vt 0.0773 0.30526
vt 0.05341 0.33823
vt 0.00155 0.39421
vt 0.03817 0.39422
vt 0.02061 0.42088
vt 0.05859 0.28027
vt 0.04806 0.27176
vt 0.0479 0.23522
vt 0.06195 0.24653
vt 0.06547 0.40206
vt 0.06546 0.36807
vt 0.09275 0.38617
vt 0.52206 0.82716
vt 0.48871 0.80233
vt 0.54255 0.80238
vt 0.5348 0.29612
vt 0.5166 0.28148
vt 0.55798 0.28161
vt 0.55945 0.29113
vt 0.26238 0.64943
vt 0.2787 0.66954
vt 0.25063 0.68391
vt 0.16751 0.47827
vt 0.14462 0.48344
vt 0.14448 0.4296
vt 0.62571 0.37429
vt 0.62571 0.34446
vt 0.65554 0.34446
vt 0.65554 0.37429
vt 0.23842 0.64914
vt 0.26158 0.64914
vt 0.25 0.68369
vt 0.54254 0.70858
vt 0.50919 0.73341
vt 0.4887 0.70863
vt 0.70775 0.34281
vt 0.69451 0.34132
vt 0.69437 0.2999
vt 0.71019 0.31812
vt 0.2213 0.66954
vt 0.23762 0.64943
vt 0.24937 0.68391
vt 0.56294 0.73348
vt 0.56293 0.69686
vt 0.5896 0.71592
vt 0.71539 0.67131
vt 0.70409 0.65652
vt 0.74064 0.65669
vt 0.74914 0.66795
vt 0.50089 0.37546
vt 0.53487 0.37548
vt 0.51898 0.40276
vt 0.40727 0.31009
vt 0.43049 0.30984
vt 0.4066 0.34281
vt 0.70402 0.2808
vt 0.70402 0.26607
vt 0.73348 0.26607
vt 0.73348 0.2808
vt 0.67282 0.99614
vt 0.68667 0.97751
vt 0.71354 0.9962
vt 0.61408 0.60561
vt 0.63635 0.5989
vt 0.63649 0.63967
vt 0.61027 0.2808
vt 0.61027 0.26607
vt 0.63973 0.26607
vt 0.63973 0.2808
vt 0.61408 0.39824
vt 0.63635 0.39153
vt 0.63649 0.43229
usemtl mat3
f 1613/1613/400 1614/1614/400 1615/1615/400
f 1616/1616/401 1617/1617/401 1618/1618/401
f 1616/1616/401 1618/1618/401 1619/1619/401
f 1620/1620/402 1621/1621/402 1622/1622/402
f 1623/1623/403 1624/1624/403 1625/1625/403
f 1626/1626/404 1627/1627/404 1628/1628/404
f 1626/1626/404 1628/1628/404 1629/1629/404
f 1630/1630/405 1631/1631/405 1632/1632/405
f 1633/1633/406 1634/1634/406 1635/1635/406
f 1636/1636/407 1637/1637/407 1638/1638/407
f 1636/1636/407 1638/1638/407 1639/1639/407
f 1640/1640/408 1641/1641/408 1642/1642/408
f 1643/1643/409 1644/1644/409 1645/1645/409
f 1646/1646/410 1647/1647/410 1648/1648/410
f 1646/1646/410 1648/1648/410 1649/1649/410
f 1650/1650/408 1651/1651/408 1652/1652/408
f 1653/1653/411 1654/1654/411 1655/1655/411
f 1656/1656/412 1657/1657/412 1658/1658/412
f 1656/1656/412 1658/1658/412 1659/1659/412
f 1660/1660/408 1661/1661/408 1662/1662/408
f 1663/1663/413 1664/1664/413 1665/1665/413
f 1666/1666/414 1667/1667/414 1668/1668/414
f 1666/1666/414 1668/1668/414 1669/1669/414
f 1670/1670/415 1671/1671/415 1672/1672/415
f 1673/1673/416 1674/1674/416 1675/1675/416
f 1676/1676/417 1677/1677/417 1678/1678/417
f 1676/1676/417 1678/1678/417 1679/1679/417
f 1680/1680/418 1681/1681/418 1682/1682/418
f 1683/1683/419 1684/1684/419 1685/1685/419
f 1686/1686/420 1687/1687/420 1688/1688/420
f 1686/1686/420 1688/1688/420 1689/1689/420
f 1690/1690/421 1691/1691/421 1692/1692/421
# Vertices: 80, normals: 22, texture coordinates: 80, faces: 32

o obj19
v -0.11235706 0.2375 0.05884086
v -0.01710359 0.2375 0.08370893
v -0.08485281 0.3125 -0.05360281
v -0.01710359 0.2375 0.08370893
v -0.11235706 0.2375 0.05884086
v -0.11235706 0.3125 0.05884086
v -0.01710359 0.3125 0.08370893
v -0.01710359 0.3125 0.08370893
v -0.11235706 0.3125 0.05884086
v -0.08485281 0.3875 -0.05360281
v -0.21129146 0.33125 -0.01210361
v -0.11235706 0.2375 0.05884086
v -0.08485281 0.3125 -0.05360281
v -0.11235706 0.2375 0.05884086
v -0.21129146 0.33125 -0.01210361
v -0.21129146 0.3875 -0.01210361
v -0.11235706 0.3125 0.05884086
v -0.11235706 0.3125 0.05884086
v -0.21129146 0.3875 -0.01210361
v -0.08485281 0.3875 -0.05360281
v -0.27342979 0.3125 -0.17261729
v -0.21129146 0.33125 -0.01210361
v -0.08485281 0.3125 -0.05360281
v -0.21129146 0.33125 -0.01210361
v -0.27342979 0.3125 -0.17261729
v -0.22216454 0.3875 -0.12135203
v -0.21129146 0.3875 -0.01210361
v -0.21129146 0.3875 -0.01210361
v -0.22216454 0.3875 -0.12135203
v -0.08485281 0.3875 -0.05360281
v -0.20386727 0.3125 -0.2421798
v -0.27342979 0.3125 -0.17261729
v -0.08485281 0.3125 -0.05360281
v -0.27342979 0.3125 -0.17261729
v -0.20386727 0.3125 -0.2421798
v -0.15260202 0.3875 -0.19091455
v -0.22216454 0.3875 -0.12135203
v -0.22216454 0.3875 -0.12135203
v -0.15260202 0.3875 -0.19091455
v -0.08485281 0.3875 -0.05360281
v -0.0433536 0.33125 -0.18004146
v -0.20386727 0.3125 -0.2421798
v -0.08485281 0.3125 -0.05360281
v -0.20386727 0.3125 -0.2421798
v -0.0433536 0.33125 -0.18004146
v -0.0433536 0.3875 -0.18004146
v -0.15260202 0.3875 -0.19091455
v -0.15260202 0.3875 -0.19091455
v -0.0433536 0.3875 -0.18004146
v -0.08485281 0.3875 -0.05360281
v 0.02759087 0.2375 -0.08110706
v -0.0433536 0.33125 -0.18004146
v -0.08485281 0.3125 -0.05360281
v -0.0433536 0.33125 -0.18004146
v 0.02759087 0.2375 -0.08110706
v 0.02759087 0.3125 -0.08110706
v -0.0433536 0.3875 -0.18004146
v -0.0433536 0.3875 -0.18004146
v 0.02759087 0.3125 -0.08110706
v -0.08485281 0.3875 -0.05360281
v 0.05245893 0.2375 0.01414641
v 0.02759087 0.2375 -0.08110706
v -0.08485281 0.3125 -0.05360281
v 0.02759087 0.2375 -0.08110706
v 0.05245893 0.2375 0.01414641
v 0.05245893 0.3125 0.01414641
v 0.02759087 0.3125 -0.08110706
v 0.02759087 0.3125 -0.08110706
v 0.05245893 0.3125 0.01414641
v -0.08485281 0.3875 -0.05360281
v -0.01710359 0.2375 0.08370893
v 0.05245893 0.2375 0.01414641
v -0.08485281 0.3125 -0.05360281
v 0.05245893 0.2375 0.01414641
v -0.01710359 0.2375 0.08370893
v -0.01710359 0.3125 0.08370893
v 0.05245893 0.3125 0.01414641
v 0.05245893 0.3125 0.01414641
v -0.01710359 0.3125 0.08370893
v -0.08485281 0.3875 -0.05360281
vn -0.46918 0.83922 0.27492
vn 0.86279 0 -0.50556
vn 0.46918 -0.83922 -0.27492
vn -0.19564 0.7572 0.62319
vn 0.9867 0 -0.16257
vn 0.27384 -0.7949 -0.54143
vn 0.17538 0.9837 -0.03966
vn 0.82136 -0.39645 0.41012
vn 0 -1 0
vn 0 1 0
vn 0 -0.69502 0.71899
vn -0.17538 0.9837 -0.03966
vn -0.9147 0 0.40414
vn 0.19564 0.7572 0.62319
vn -0.9867 0 -0.16257
vn -0.27384 -0.7949 -0.54143
vn 0.46918 0.83922 0.27492
vn -0.86279 0 -0.50556
vn -0.46918 -0.83922 -0.27492
vn -0 0.88822 0.45942
vn 0 0 -1
vn -0 -0.88822 -0.45942
vt 0.65727 0.52884
vt 0.68049 0.52859
vt 0.6566 0.56156
vt 0.73527 0.8442
vt 0.76473 0.8442
vt 0.76473 0.85893
vt 0.73527 0.85893
vt 0.67282 0.85552
vt 0.68667 0.83688
vt 0.71354 0.85558
vt 0.56294 0.59285
vt 0.56293 0.55624
vt 0.5896 0.5753
vt 0.70409 0.62527
vt 0.74064 0.62544
vt 0.74914 0.6367
vt 0.71539 0.64006
vt 0.61026 0.96921
vt 0.64424 0.96923
vt 0.62836 0.99651
vt 0.54254 0.66171
vt 0.50919 0.68653
vt 0.4887 0.66175
vt 0.14612 0.308
vt 0.14597 0.26658
vt 0.16327 0.28474
vt 0.15825 0.30947
vt 0.33068 0.98204
vt 0.34699 0.96193
vt 0.35874 0.99641
vt 0.57382 0.867
vt 0.56864 0.8899
vt 0.51998 0.86686
vt 0.64133 0.87571
vt 0.67117 0.87571
vt 0.67117 0.90554
vt 0.64133 0.90554
vt 0.34779 0.96164
vt 0.37096 0.96164
vt 0.35938 0.99619
vt 0.52206 0.57716
vt 0.48871 0.55233
vt 0.54255 0.55238
vt 0.45409 0.28151
vt 0.49549 0.28164
vt 0.49698 0.29371
vt 0.47233 0.29615
vt 0.37176 0.96193
vt 0.38807 0.98204
vt 0.36001 0.99641
vt 0.17342 0.39421
vt 0.21004 0.39422
vt 0.19249 0.42088
vt 0.07931 0.27176
vt 0.07915 0.23522
vt 0.0932 0.24653
vt 0.08984 0.28027
vt 0.59672 0.91768
vt 0.59671 0.8837
vt 0.624 0.90179
vt 0.6302 0.3278
vt 0.64405 0.30916
vt 0.67091 0.32785
vt 0.73527 0.76607
vt 0.76473 0.76607
vt 0.76473 0.7808
vt 0.73527 0.7808
vt 0.10096 0.30551
vt 0.12418 0.30526
vt 0.10029 0.33823
vt 0.61408 0.54311
vt 0.63635 0.5364
vt 0.63649 0.57717
vt 0.73527 0.87545
vt 0.76473 0.87545
vt 0.76473 0.89018
vt 0.73527 0.89018
vt 0.00471 0.33574
vt 0.02697 0.32903
vt 0.02711 0.36979
usemtl mat3
f 1693/1693/422 1694/1694/422 1695/1695/422
f 1696/1696/423 1697/1697/423 1698/1698/423
f 1696/1696/423 1698/1698/423 1699/1699/423
f 1700/1700/424 1701/1701/424 1702/1702/424
f 1703/1703/425 1704/1704/425 1705/1705/425
f 1706/1706/426 1707/1707/426 1708/1708/426
f 1706/1706/426 1708/1708/426 1709/1709/426
f 1710/1710/427 1711/1711/427 1712/1712/427
f 1713/1713/428 1714/1714/428 1715/1715/428
f 1716/1716/429 1717/1717/429 1718/1718/429
f 1716/1716/429 1718/1718/429 1719/1719/429
f 1720/1720/430 1721/1721/430 1722/1722/430
f 1723/1723/431 1724/1724/431 1725/1725/431
f 1726/1726/432 1727/1727/432 1728/1728/432
f 1726/1726/432 1728/1728/432 1729/1729/432
f 1730/1730/430 1731/1731/430 1732/1732/430
f 1733/1733/433 1734/1734/433 1735/1735/433
f 1736/1736/434 1737/1737/434 1738/1738/434
f 1736/1736/434 1738/1738/434 1739/1739/434
f 1740/1740/430 1741/1741/430 1742/1742/430
f 1743/1743/435 1744/1744/435 1745/1745/435
f 1746/1746/436 1747/1747/436 1748/1748/436
f 1746/1746/436 1748/1748/436 1749/1749/436
f 1750/1750/437 1751/1751/437 1752/1752/437
f 1753/1753/438 1754/1754/438 1755/1755/438
f 1756/1756/439 1757/1757/439 1758/1758/439
f 1756/1756/439 1758/1758/439 1759/1759/439
f 1760/1760/440 1761/1761/440 1762/1762/440
f 1763/1763/441 1764/1764/441 1765/1765/441
f 1766/1766/442 1767/1767/442 1768/1768/442
f 1766/1766/442 1768/1768/442 1769/1769/442
f 1770/1770/443 1771/1771/443 1772/1772/443
# Vertices: 80, normals: 22, texture coordinates: 80, faces: 32

o obj20
v -0.08396876 0.61945557 0.02197735
v -0.03478125 0.61303532 -0.02678935
v 0 0.63699204 0.05475001
v -0.11875001 0.57768741 0.01294504
v -0.04918813 0.56860777 -0.05602173
v -0.03478125 0.61303532 -0.02678935
v -0.08396876 0.61945557 0.02197735
v -0.08396876 0.5396802 0.03247997
v -0.03478125 0.53325994 -0.01628672
v -0.04918813 0.56860777 -0.05602173
v -0.11875001 0.57768741 0.01294504
v -0.03478125 0.53325994 -0.01628672
v -0.08396876 0.5396802 0.03247997
v -0 0.53474929 0.06821052
v -0.08396876 0.6285353 0.09094474
v -0.08396876 0.61945557 0.02197735
v 0 0.63699204 0.05475001
v -0.11875001 0.59052809 0.11047967
v -0.11875001 0.57768741 0.01294504
v -0.08396876 0.61945557 0.02197735
v -0.08396876 0.6285353 0.09094474
v -0.08396876 0.54875993 0.10144736
v -0.08396876 0.5396802 0.03247997
v -0.11875001 0.57768741 0.01294504
v -0.11875001 0.59052809 0.11047967
v -0.08396876 0.5396802 0.03247997
v -0.08396876 0.54875993 0.10144736
v -0 0.53474929 0.06821052
v -0.03478125 0.63495556 0.13971144
v -0.08396876 0.6285353 0.09094474
v 0 0.63699204 0.05475001
v -0.04918813 0.59960773 0.17944644
v -0.11875001 0.59052809 0.11047967
v -0.08396876 0.6285353 0.09094474
v -0.03478125 0.63495556 0.13971144
v -0.03478125 0.55518018 0.15021406
v -0.08396876 0.54875993 0.10144736
v -0.11875001 0.59052809 0.11047967
v -0.04918813 0.59960773 0.17944644
v -0.08396876 0.54875993 0.10144736
v -0.03478125 0.55518018 0.15021406
v -0 0.53474929 0.06821052
v 0.03478125 0.63495556 0.13971144
v -0.03478125 0.63495556 0.13971144
v 0 0.63699204 0.05475001
v 0.04918813 0.59960773 0.17944644
v -0.04918813 0.59960773 0.17944644
v -0.03478125 0.63495556 0.13971144
v 0.03478125 0.63495556 0.13971144
v 0.03478125 0.55518018 0.15021406
v -0.03478125 0.55518018 0.15021406
v -0.04918813 0.59960773 0.17944644
v 0.04918813 0.59960773 0.17944644
v -0.03478125 0.55518018 0.15021406
v 0.03478125 0.55518018 0.15021406
v -0 0.53474929 0.06821052
v 0.08396876 0.6285353 0.09094474
v 0.03478125 0.63495556 0.13971144
v 0 0.63699204 0.05475001
v 0.11875001 0.59052809 0.11047967
v 0.04918813 0.59960773 0.17944644
v 0.03478125 0.63495556 0.13971144
v 0.08396876 0.6285353 0.09094474
v 0.08396876 0.54875993 0.10144736
v 0.03478125 0.55518018 0.15021406
v 0.04918813 0.59960773 0.17944644
v 0.11875001 0.59052809 0.11047967
v 0.03478125 0.55518018 0.15021406
v 0.08396876 0.54875993 0.10144736
v -0 0.53474929 0.06821052
v 0.08396876 0.61945557 0.02197735
v 0.08396876 0.6285353 0.09094474
v 0 0.63699204 0.05475001
v 0.11875001 0.57768741 0.01294504
v 0.11875001 0.59052809 0.11047967
v 0.08396876 0.6285353 0.09094474
v 0.08396876 0.61945557 0.02197735
v 0.08396876 0.5396802 0.03247997
v 0.08396876 0.54875993 0.10144736
v 0.11875001 0.59052809 0.11047967
v 0.11875001 0.57768741 0.01294504
v 0.08396876 0.54875993 0.10144736
v 0.08396876 0.5396802 0.03247997
v -0 0.53474929 0.06821052
v 0.03478125 0.61303532 -0.02678935
v 0.08396876 0.61945557 0.02197735
v 0 0.63699204 0.05475001
v 0.04918813 0.56860777 -0.05602173
v 0.11875001 0.57768741 0.01294504
v 0.08396876 0.61945557 0.02197735
v 0.03478125 0.61303532 -0.02678935
v 0.03478125 0.53325994 -0.01628672
v 0.08396876 0.5396802 0.03247997
v 0.11875001 0.57768741 0.01294504
v 0.04918813 0.56860777 -0.05602173
v 0.08396876 0.5396802 0.03247997
v 0.03478125 0.53325994 -0.01628672
v -0 0.53474929 0.06821052
v -0.03478125 0.61303532 -0.02678935
v 0.03478125 0.61303532 -0.02678935
v 0 0.63699204 0.05475001
v -0.04918813 0.56860777 -0.05602173
v 0.04918813 0.56860777 -0.05602173
v 0.03478125 0.61303532 -0.02678935
v -0.03478125 0.61303532 -0.02678935
v -0.03478125 0.53325994 -0.01628672
v 0.03478125 0.53325994 -0.01628672
v 0.04918813 0.56860777 -0.05602173
v -0.04918813 0.56860777 -0.05602173
v 0.03478125 0.53325994 -0.01628672
v -0.03478125 0.53325994 -0.01628672
v -0 0.53474929 0.06821052
vn -0.10907 -0.98803 -0.10907
vn -0.53492 -0.654 -0.53492
vn -0.53492 0.654 -0.53492
vn -0.07993 0.99359 -0.07993
vn -0.15425 -0.98803 0
vn -0.75649 -0.654 0
vn -0.75649 0.654 0
vn -0.11303 0.99359 0
vn -0.10907 -0.98803 0.10907
vn -0.53492 -0.654 0.53492
vn -0.53492 0.654 0.53492
vn -0.07993 0.99359 0.07993
vn 0 -0.98803 0.15425
vn 0 -0.654 0.75649
vn 0 0.654 0.75649
vn 0 0.99359 0.11303
vn 0.10907 -0.98803 0.10907
vn 0.53492 -0.654 0.53492
vn 0.53492 0.654 0.53492
vn 0.07993 0.99359 0.07993
vn 0.15425 -0.98803 0
vn 0.75649 -0.654 0
vn 0.75649 0.654 0
vn 0.11303 0.99359 -0
vn 0.10907 -0.98803 -0.10907
vn 0.53492 -0.654 -0.53492
vn 0.53492 0.654 -0.53492
vn 0.07993 0.99359 -0.07993
vn -0 -0.98803 -0.15425
vn 0 -0.654 -0.75649
vn 0 0.654 -0.75649
vn 0 0.99359 -0.11303
vt 0.51699 0.19531
vt 0.52299 0.18064
vt 0.53814 0.1954
vt 0.77313 0.43804
vt 0.79603 0.43804
vt 0.79253 0.45246
vt 0.77663 0.45246
vt 0.761 0.21942
vt 0.77691 0.21942
vt 0.78041 0.23384
vt 0.7575 0.23384
vt 0.83476 0.65627
vt 0.82873 0.67092
vt 0.81372 0.65617
vt 0.33275 0.18657
vt 0.34741 0.18057
vt 0.34751 0.20172
vt 0.5198 0.21929
vt 0.5427 0.21929
vt 0.5392 0.23371
vt 0.5233 0.23371
vt 0.47642 0.21942
vt 0.49233 0.21942
vt 0.49583 0.23384
vt 0.47292 0.23384
vt 0.7688 0.19622
vt 0.75416 0.20225
vt 0.75406 0.1812
vt 0.65713 0.19531
vt 0.66313 0.18064
vt 0.67828 0.1954
vt 0.78209 0.89116
vt 0.805 0.89116
vt 0.8015 0.90558
vt 0.78559 0.90558
vt 0.00434 0.20379
vt 0.02025 0.20379
vt 0.02375 0.21821
vt 0.00084 0.21821
vt 0.8313 0.83684
vt 0.81666 0.84287
vt 0.81656 0.82183
vt 0.239 0.18657
vt 0.25366 0.18057
vt 0.25376 0.20172
vt 0.7698 0.56304
vt 0.7927 0.56304
vt 0.7892 0.57746
vt 0.7733 0.57746
vt 0.28892 0.21942
vt 0.30483 0.21942
vt 0.30833 0.23384
vt 0.28542 0.23384
vt 0.72193 0.19622
vt 0.70728 0.20225
vt 0.70718 0.1812
vt 0.61767 0.18657
vt 0.63234 0.18057
vt 0.63243 0.20172
vt 0.78875 0.98491
vt 0.81166 0.98491
vt 0.80816 0.99933
vt 0.79225 0.99933
vt 0.79225 0.92254
vt 0.80816 0.92254
vt 0.81166 0.93696
vt 0.78875 0.93696
vt 0.0188 0.18059
vt 0.00416 0.18662
vt 0.00406 0.16558
vt 0.4265 0.18657
vt 0.44116 0.18057
vt 0.44126 0.20172
vt 0.7698 0.46929
vt 0.7927 0.46929
vt 0.7892 0.48371
vt 0.7733 0.48371
vt 0.7733 0.50067
vt 0.7892 0.50067
vt 0.7927 0.51509
vt 0.7698 0.51509
vt 0.81568 0.24309
vt 0.80103 0.24912
vt 0.80093 0.22808
vt 0.46971 0.18657
vt 0.48437 0.18057
vt 0.48447 0.20172
vt 0.78209 0.85991
vt 0.805 0.85991
vt 0.8015 0.87433
vt 0.78559 0.87433
vt 0.78559 0.78192
vt 0.8015 0.78192
vt 0.805 0.79634
vt 0.78209 0.79634
vt 0.81568 0.19622
vt 0.80103 0.20225
vt 0.80093 0.1812
vt 0.28588 0.18657
vt 0.30054 0.18057
vt 0.30064 0.20172
vt 0.42605 0.21929
vt 0.44895 0.21929
vt 0.44545 0.23371
vt 0.42955 0.23371
vt 0.7733 0.53192
vt 0.7892 0.53192
vt 0.7927 0.54634
vt 0.7698 0.54634
vt 0.81568 0.28997
vt 0.80103 0.296
vt 0.80093 0.27495
usemtl mat3
f 1773/1773/444 1774/1774/444 1775/1775/444
f 1776/1776/445 1777/1777/445 1778/1778/445
f 1776/1776/445 1778/1778/445 1779/1779/445
f 1780/1780/446 1781/1781/446 1782/1782/446
f 1780/1780/446 1782/1782/446 1783/1783/446
f 1784/1784/447 1785/1785/447 1786/1786/447
f 1787/1787/448 1788/1788/448 1789/1789/448
f 1790/1790/449 1791/1791/449 1792/1792/449
f 1790/1790/449 1792/1792/449 1793/1793/449
f 1794/1794/450 1795/1795/450 1796/1796/450
f 1794/1794/450 1796/1796/450 1797/1797/450
f 1798/1798/451 1799/1799/451 1800/1800/451
f 1801/1801/452 1802/1802/452 1803/1803/452
f 1804/1804/453 1805/1805/453 1806/1806/453
f 1804/1804/453 1806/1806/453 1807/1807/453
f 1808/1808/454 1809/1809/454 1810/1810/454
f 1808/1808/454 1810/1810/454 1811/1811/454
f 1812/1812/455 1813/1813/455 1814/1814/455
f 1815/1815/456 1816/1816/456 1817/1817/456
f 1818/1818/457 1819/1819/457 1820/1820/457
f 1818/1818/457 1820/1820/457 1821/1821/457
f 1822/1822/458 1823/1823/458 1824/1824/458
f 1822/1822/458 1824/1824/458 1825/1825/458
f 1826/1826/459 1827/1827/459 1828/1828/459
f 1829/1829/460 1830/1830/460 1831/1831/460
f 1832/1832/461 1833/1833/461 1834/1834/461
f 1832/1832/461 1834/1834/461 1835/1835/461
f 1836/1836/462 1837/1837/462 1838/1838/462
f 1836/1836/462 1838/1838/462 1839/1839/462
f 1840/1840/463 1841/1841/463 1842/1842/463
f 1843/1843/464 1844/1844/464 1845/1845/464
f 1846/1846/465 1847/1847/465 1848/1848/465
f 1846/1846/465 1848/1848/465 1849/1849/465
f 1850/1850/466 1851/1851/466 1852/1852/466
f 1850/1850/466 1852/1852/466 1853/1853/466
f 1854/1854/467 1855/1855/467 1856/1856/467
f 1857/1857/468 1858/1858/468 1859/1859/468
f 1860/1860/469 1861/1861/469 1862/1862/469
f 1860/1860/469 1862/1862/469 1863/1863/469
f 1864/1864/470 1865/1865/470 1866/1866/470
f 1864/1864/470 1866/1866/470 1867/1867/470
f 1868/1868/471 1869/1869/471 1870/1870/471
f 1871/1871/472 1872/1872/472 1873/1873/472
f 1874/1874/473 1875/1875/473 1876/1876/473
f 1874/1874/473 1876/1876/473 1877/1877/473
f 1878/1878/474 1879/1879/474 1880/1880/474
f 1878/1878/474 1880/1880/474 1881/1881/474
f 1882/1882/475 1883/1883/475 1884/1884/475
# Vertices: 112, normals: 32, texture coordinates: 112, faces: 48

o obj21
v -0.04918812 1.07380427 0.2512926
v -0.09895812 0.99846268 0.29051295
v 0 0.9763491 0.37810663
v -0.09895812 1.02962408 0.35037343
v -0.09895812 0.99846268 0.29051295
v -0.04918812 1.07380427 0.2512926
v -0.04918812 1.08710799 0.31166619
v -0.09895812 1.02962408 0.35037343
v -0.04918812 1.08710799 0.31166619
v -0 1.0075102 0.43796655
v -0.09895812 0.99846268 0.29051295
v -0.11875 0.93086439 0.42080481
v 0 0.9763491 0.37810663
v -0.11875 0.95423522 0.46569975
v -0.11875 0.93086439 0.42080481
v -0.09895812 0.99846268 0.29051295
v -0.09895812 1.02962408 0.35037343
v -0.11875 0.95423522 0.46569975
v -0.09895812 1.02962408 0.35037343
v -0 1.0075102 0.43796655
v -0.11875 0.93086439 0.42080481
v -0.04918812 0.78342424 0.47853695
v 0 0.9763491 0.37810663
v -0.04918812 0.87889365 0.50492009
v -0.04918812 0.78342424 0.47853695
v -0.11875 0.93086439 0.42080481
v -0.11875 0.95423522 0.46569975
v -0.04918812 0.87889365 0.50492009
v -0.11875 0.95423522 0.46569975
v -0 1.0075102 0.43796655
v -0.04918812 0.78342424 0.47853695
v 0.04918812 0.78342424 0.47853695
v 0 0.9763491 0.37810663
v 0.04918812 0.87889365 0.50492009
v 0.04918812 0.78342424 0.47853695
v -0.04918812 0.78342424 0.47853695
v -0.04918812 0.87889365 0.50492009
v 0.04918812 0.87889365 0.50492009
v -0.04918812 0.87889365 0.50492009
v -0 1.0075102 0.43796655
v 0.04918812 0.78342424 0.47853695
v 0.11875 0.93086439 0.42080481
v 0 0.9763491 0.37810663
v 0.11875 0.95423522 0.46569975
v 0.11875 0.93086439 0.42080481
v 0.04918812 0.78342424 0.47853695
v 0.04918812 0.87889365 0.50492009
v 0.11875 0.95423522 0.46569975
v 0.04918812 0.87889365 0.50492009
v -0 1.0075102 0.43796655
v 0.11875 0.93086439 0.42080481
v 0.09895812 0.99846268 0.29051295
v 0 0.9763491 0.37810663
v 0.09895812 1.02962408 0.35037343
v 0.09895812 0.99846268 0.29051295
v 0.11875 0.93086439 0.42080481
v 0.11875 0.95423522 0.46569975
v 0.09895812 1.02962408 0.35037343
v 0.11875 0.95423522 0.46569975
v -0 1.0075102 0.43796655
v 0.09895812 0.99846268 0.29051295
v 0.04918812 1.07380427 0.2512926
v 0 0.9763491 0.37810663
v 0.04918812 1.08710799 0.31166619
v 0.04918812 1.07380427 0.2512926
v 0.09895812 0.99846268 0.29051295
v 0.09895812 1.02962408 0.35037343
v 0.04918812 1.08710799 0.31166619
v 0.09895812 1.02962408 0.35037343
v -0 1.0075102 0.43796655
v 0.00960437 0.91947684 0.10226242
v -0.00960437 0.91947684 0.10226242
v 0 0.9184838 0.17886072
v -0.04918812 1.08710799 0.31166619
v -0.04918812 1.07380427 0.2512926
v 0.04918812 1.07380427 0.2512926
v 0.04918812 1.08710799 0.31166619
v -0.04918812 1.08710799 0.31166619
v 0.04918812 1.08710799 0.31166619
v -0 1.0075102 0.43796655
v -0.04918812 1.07380427 0.2512926
v -0.00960437 0.91947684 0.10226242
v 0.00960437 0.91947684 0.10226242
v 0.04918812 1.07380427 0.2512926
v 0.04918812 1.07380427 0.2512926
v 0.00960437 0.91947684 0.10226242
v 0 0.9184838 0.17886072
v 0 0.9763491 0.37810663
v 0 0.9763491 0.37810663
v 0 0.9184838 0.17886072
v -0.00960437 0.91947684 0.10226242
v -0.04918812 1.07380427 0.2512926
vn 0.43458 0.86388 0.25464
vn -0.86279 0 -0.50556
vn -0.36565 -0.85776 -0.36132
vn 0.18365 0.78996 0.58501
vn -0.9867 0 -0.16257
vn -0.25552 -0.82431 -0.5052
vn -0.1583 0.98674 -0.0358
vn -0.80659 -0.43267 0.40275
vn 0 -1 0
vn 0 1 0
vn 0 -0.73197 0.68134
vn 0.1583 0.98674 -0.0358
vn 0.9147 0 0.40414
vn -0.18365 0.78996 0.58501
vn 0.9867 0 -0.16257
vn 0.25552 -0.82431 -0.5052
vn -0.43458 0.86388 0.25464
vn 0.85491 -0.13491 -0.50093
vn 0.36565 -0.85776 -0.36132
vn -0 0.47321 0.88095
vn 0 -0.26005 -0.96559
vn -0 -0.86357 -0.50422
vn 0 0.31731 -0.94832
vn 0.93105 0.06076 0.35979
vn -0.91855 0.0775 0.38764
vt 0.67786 0.71842
vt 0.69196 0.7
vt 0.71779 0.71848
vt 0.77307 0.82754
vt 0.77311 0.81304
vt 0.796 0.81299
vt 0.79257 0.82563
vt 0.70953 0.57547
vt 0.70932 0.55547
vt 0.74123 0.57496
vt 0.31543 0.39439
vt 0.35067 0.39438
vt 0.33302 0.42088
vt 0.40259 0.28027
vt 0.39277 0.27312
vt 0.39264 0.23798
vt 0.40574 0.24748
vt 0.19074 0.36986
vt 0.19074 0.33682
vt 0.21775 0.35355
vt 0.31893 0.49903
vt 0.28559 0.47429
vt 0.33943 0.47433
vt 0.72194 0.46801
vt 0.7041 0.45336
vt 0.74543 0.45348
vt 0.74662 0.46304
vt 0.34051 0.64943
vt 0.35682 0.66954
vt 0.32876 0.68391
vt 0.54251 0.52514
vt 0.51962 0.53032
vt 0.51948 0.47648
vt 0.64133 0.95242
vt 0.64133 0.92258
vt 0.67117 0.92258
vt 0.67117 0.95242
vt 0.31654 0.64914
vt 0.33971 0.64914
vt 0.32812 0.68369
vt 0.41754 0.47429
vt 0.38419 0.49903
vt 0.3637 0.47433
vt 0.29399 0.35842
vt 0.28208 0.35722
vt 0.28195 0.31587
vt 0.29617 0.33376
vt 0.29943 0.66954
vt 0.31574 0.64943
vt 0.32749 0.68391
vt 0.23482 0.42098
vt 0.23482 0.38574
vt 0.26131 0.40333
vt 0.33857 0.2807
vt 0.32908 0.26592
vt 0.36425 0.26606
vt 0.37139 0.27755
vt 0.62588 0.78173
vt 0.65892 0.78173
vt 0.64261 0.80874
vt 0.00103 0.27982
vt 0.02423 0.27957
vt 0.00036 0.31157
vt 0.73873 0.91977
vt 0.73529 0.90666
vt 0.76473 0.9067
vt 0.76475 0.92139
vt 0.28203 0.25844
vt 0.30203 0.25865
vt 0.30152 0.29034
vt 0.84574 0.26343
vt 0.84981 0.26292
vt 0.84991 0.28026
vt 0.73527 0.99955
vt 0.73527 0.98482
vt 0.76473 0.98482
vt 0.76473 0.99955
vt 0.50093 0.32065
vt 0.52295 0.3134
vt 0.52309 0.35085
vt 0.47561 0.7806
vt 0.42642 0.76175
vt 0.42721 0.75038
vt 0.47989 0.75035
vt 0.08374 0.68445
vt 0.08364 0.63168
vt 0.09793 0.64424
vt 0.12427 0.68682
vt 0.35298 0.81174
vt 0.31034 0.78531
vt 0.29776 0.7661
vt 0.35058 0.7662
usemtl mat3
f 1885/1885/476 1886/1886/476 1887/1887/476
f 1888/1888/477 1889/1889/477 1890/1890/477
f 1888/1888/477 1890/1890/477 1891/1891/477
f 1892/1892/478 1893/1893/478 1894/1894/478
f 1895/1895/479 1896/1896/479 1897/1897/479
f 1898/1898/480 1899/1899/480 1900/1900/480
f 1898/1898/480 1900/1900/480 1901/1901/480
f 1902/1902/481 1903/1903/481 1904/1904/481
f 1905/1905/482 1906/1906/482 1907/1907/482
f 1908/1908/483 1909/1909/483 1910/1910/483
f 1908/1908/483 1910/1910/483 1911/1911/483
f 1912/1912/484 1913/1913/484 1914/1914/484
f 1915/1915/485 1916/1916/485 1917/1917/485
f 1918/1918/486 1919/1919/486 1920/1920/486
f 1918/1918/486 1920/1920/486 1921/1921/486
f 1922/1922/484 1923/1923/484 1924/1924/484
f 1925/1925/487 1926/1926/487 1927/1927/487
f 1928/1928/488 1929/1929/488 1930/1930/488
f 1928/1928/488 1930/1930/488 1931/1931/488
f 1932/1932/484 1933/1933/484 1934/1934/484
f 1935/1935/489 1936/1936/489 1937/1937/489
f 1938/1938/490 1939/1939/490 1940/1940/490
f 1938/1938/490 1940/1940/490 1941/1941/490
f 1942/1942/491 1943/1943/491 1944/1944/491
f 1945/1945/492 1946/1946/492 1947/1947/492
f 1948/1948/493 1949/1949/493 1950/1950/493
f 1948/1948/493 1950/1950/493 1951/1951/493
f 1952/1952/494 1953/1953/494 1954/1954/494
f 1955/1955/495 1956/1956/495 1957/1957/495
f 1958/1958/496 1959/1959/496 1960/1960/496
f 1958/1958/496 1960/1960/496 1961/1961/496
f 1962/1962/497 1963/1963/497 1964/1964/497
f 1965/1965/498 1966/1966/498 1967/1967/498
f 1965/1965/498 1967/1967/498 1968/1968/498
f 1969/1969/499 1970/1970/499 1971/1971/499
f 1969/1969/499 1971/1971/499 1972/1972/499
f 1973/1973/500 1974/1974/500 1975/1975/500
f 1973/1973/500 1975/1975/500 1976/1976/500
# Vertices: 92, normals: 25, texture coordinates: 92, faces: 38

o obj22
v 0.15000001 0.68786814 -0.30255688
v 0.15000001 0.68786814 -0.35624999
v 0.06213187 0.60000001 -0.35624999
v 0.06213187 0.60000001 -0.30255688
v 0.15000001 0.68786814 -0.35624999
v 0.10925125 0.70474626 -0.35625
v 0.04525375 0.64074876 -0.35624999
v 0.06213187 0.60000001 -0.35624999
v 0.05462563 0.72737314 -0.23096563
v 0.075 0.71893377 -0.15937503
v 0.03106625 0.67500001 -0.15937502
v 0.02262687 0.69537439 -0.23096563
v 0.15000001 0.81213188 -0.30255688
v 0.15000001 0.81213188 -0.35625
v 0.15000001 0.68786814 -0.35624999
v 0.15000001 0.68786814 -0.30255688
v 0.15000001 0.81213188 -0.35625
v 0.10925125 0.79525376 -0.35625
v 0.10925125 0.70474626 -0.35625
v 0.15000001 0.68786814 -0.35624999
v 0.05462563 0.77262689 -0.23096563
v 0.075 0.78106626 -0.15937503
v 0.075 0.71893377 -0.15937503
v 0.05462563 0.72737314 -0.23096563
v 0.06213187 0.90000001 -0.30255689
v 0.06213187 0.90000001 -0.35625
v 0.15000001 0.81213188 -0.35625
v 0.15000001 0.81213188 -0.30255688
v 0.06213187 0.90000001 -0.35625
v 0.04525375 0.85925126 -0.35625
v 0.10925125 0.79525376 -0.35625
v 0.15000001 0.81213188 -0.35625
v 0.02262687 0.80462564 -0.23096563
v 0.03106625 0.82500002 -0.15937503
v 0.075 0.78106626 -0.15937503
v 0.05462563 0.77262689 -0.23096563
v -0.06213187 0.90000001 -0.30255689
v -0.06213187 0.90000001 -0.35625
v 0.06213187 0.90000001 -0.35625
v 0.06213187 0.90000001 -0.30255689
v -0.06213187 0.90000001 -0.35625
v -0.04525375 0.85925126 -0.35625
v 0.04525375 0.85925126 -0.35625
v 0.06213187 0.90000001 -0.35625
v -0.02262687 0.80462564 -0.23096563
v -0.03106625 0.82500002 -0.15937503
v 0.03106625 0.82500002 -0.15937503
v 0.02262687 0.80462564 -0.23096563
v -0.15000001 0.81213188 -0.30255688
v -0.15000001 0.81213188 -0.35625
v -0.06213187 0.90000001 -0.35625
v -0.06213187 0.90000001 -0.30255689
v -0.15000001 0.81213188 -0.35625
v -0.10925125 0.79525376 -0.35625
v -0.04525375 0.85925126 -0.35625
v -0.06213187 0.90000001 -0.35625
v -0.05462563 0.77262689 -0.23096563
v -0.075 0.78106626 -0.15937503
v -0.03106625 0.82500002 -0.15937503
v -0.02262687 0.80462564 -0.23096563
v -0.15000001 0.68786814 -0.30255688
v -0.15000001 0.68786814 -0.35624999
v -0.15000001 0.81213188 -0.35625
v -0.15000001 0.81213188 -0.30255688
v -0.15000001 0.68786814 -0.35624999
v -0.10925125 0.70474626 -0.35625
v -0.10925125 0.79525376 -0.35625
v -0.15000001 0.81213188 -0.35625
v -0.05462563 0.72737314 -0.23096563
v -0.075 0.71893377 -0.15937503
v -0.075 0.78106626 -0.15937503
v -0.05462563 0.77262689 -0.23096563
v -0.06213187 0.60000001 -0.30255688
v -0.06213187 0.60000001 -0.35624999
v -0.15000001 0.68786814 -0.35624999
v -0.15000001 0.68786814 -0.30255688
v -0.06213187 0.60000001 -0.35624999
v -0.04525375 0.64074876 -0.35624999
v -0.10925125 0.70474626 -0.35625
v -0.15000001 0.68786814 -0.35624999
v -0.02262687 0.69537439 -0.23096563
v -0.03106625 0.67500001 -0.15937502
v -0.075 0.71893377 -0.15937503
v -0.05462563 0.72737314 -0.23096563
v 0.06213187 0.60000001 -0.30255688
v 0.06213187 0.60000001 -0.35624999
v -0.06213187 0.60000001 -0.35624999
v -0.06213187 0.60000001 -0.30255688
v 0.06213187 0.60000001 -0.35624999
v 0.04525375 0.64074876 -0.35624999
v -0.04525375 0.64074876 -0.35624999
v -0.06213187 0.60000001 -0.35624999
v 0.02262687 0.69537439 -0.23096563
v 0.03106625 0.67500001 -0.15937502
v -0.03106625 0.67500001 -0.15937502
v -0.02262687 0.69537439 -0.23096563
v 0.06213187 0.90000001 -0.30255689
v 0.03106625 0.82500002 -0.15937503
v -0.03106625 0.82500002 -0.15937503
v -0.06213187 0.90000001 -0.30255689
v -0.04525375 0.85925126 -0.30255689
v -0.02262687 0.80462564 -0.23096563
v 0.02262687 0.80462564 -0.23096563
v 0.04525375 0.85925126 -0.30255689
v -0.06213187 0.90000001 -0.30255689
v -0.03106625 0.82500002 -0.15937503
v -0.075 0.78106626 -0.15937503
v -0.15000001 0.81213188 -0.30255688
v -0.10925125 0.79525376 -0.30255688
v -0.05462563 0.77262689 -0.23096563
v -0.02262687 0.80462564 -0.23096563
v -0.04525375 0.85925126 -0.30255689
v -0.15000001 0.81213188 -0.30255688
v -0.075 0.78106626 -0.15937503
v -0.075 0.71893377 -0.15937503
v -0.15000001 0.68786814 -0.30255688
v -0.10925125 0.70474626 -0.30255688
v -0.05462563 0.72737314 -0.23096563
v -0.05462563 0.77262689 -0.23096563
v -0.10925125 0.79525376 -0.30255688
v -0.15000001 0.68786814 -0.30255688
v -0.075 0.71893377 -0.15937503
v -0.03106625 0.67500001 -0.15937502
v -0.06213187 0.60000001 -0.30255688
v -0.04525375 0.64074876 -0.30255688
v -0.02262687 0.69537439 -0.23096563
v -0.05462563 0.72737314 -0.23096563
v -0.10925125 0.70474626 -0.30255688
v -0.06213187 0.60000001 -0.30255688
v -0.03106625 0.67500001 -0.15937502
v 0.03106625 0.67500001 -0.15937502
v 0.06213187 0.60000001 -0.30255688
v 0.04525375 0.64074876 -0.30255688
v 0.02262687 0.69537439 -0.23096563
v -0.02262687 0.69537439 -0.23096563
v -0.04525375 0.64074876 -0.30255688
v 0.06213187 0.60000001 -0.30255688
v 0.03106625 0.67500001 -0.15937502
v 0.075 0.71893377 -0.15937503
v 0.15000001 0.68786814 -0.30255688
v 0.10925125 0.70474626 -0.30255688
v 0.05462563 0.72737314 -0.23096563
v 0.02262687 0.69537439 -0.23096563
v 0.04525375 0.64074876 -0.30255688
v 0.15000001 0.68786814 -0.30255688
v 0.075 0.71893377 -0.15937503
v 0.075 0.78106626 -0.15937503
v 0.15000001 0.81213188 -0.30255688
v 0.10925125 0.79525376 -0.30255688
v 0.05462563 0.77262689 -0.23096563
v 0.05462563 0.72737314 -0.23096563
v 0.10925125 0.70474626 -0.30255688
v 0.15000001 0.81213188 -0.30255688
v 0.075 0.78106626 -0.15937503
v 0.03106625 0.82500002 -0.15937503
v 0.06213187 0.90000001 -0.30255689
v 0.04525375 0.85925126 -0.30255689
v 0.02262687 0.80462564 -0.23096563
v 0.05462563 0.77262689 -0.23096563
v 0.10925125 0.79525376 -0.30255688
v -0.02262687 0.69537439 -0.23096563
v 0.02262687 0.69537439 -0.23096563
v 0.05462563 0.72737314 -0.23096563
v 0.05462563 0.77262689 -0.23096563
v 0.05462563 0.77262689 -0.23096563
v 0.02262687 0.80462564 -0.23096563
v -0.02262687 0.80462564 -0.23096563
v -0.02262687 0.69537439 -0.23096563
v -0.02262687 0.80462564 -0.23096563
v -0.05462563 0.77262689 -0.23096563
v -0.05462563 0.72737314 -0.23096563
v -0.02262687 0.69537439 -0.23096563
vn -0.70711 0 -0.70711
vn 0 1 0
vn 0.6801 -0.27373 0.6801
vn -1 0 0
vn 0.96181 -0.27373 0
vn -0.70711 0 0.70711
vn 0.6801 -0.27373 -0.6801
vn 0 0 1
vn 0 -0.27373 -0.96181
vn 0.70711 0 0.70711
vn -0.6801 -0.27373 -0.6801
vn 1 0 0
vn -0.96181 -0.27373 0
vn 0.70711 0 -0.70711
vn -0.6801 -0.27373 0.6801
vn 0 0 -1
vn 0 -0.27373 0.96181
vn 0 -0.46401 0.88583
vn 0 0.6066 -0.795
vn 0.62638 -0.46401 0.62638
vn -0.56215 0.60661 -0.56215
vn 0.88583 -0.46401 0
vn -0.795 0.6066 0
vn 0.62638 -0.46401 -0.62638
vn -0.56215 0.60661 0.56215
vn 0 -0.46401 -0.88583
vn 0 0.6066 0.795
vn -0.62638 -0.46401 -0.62638
vn 0.56215 0.60661 0.56215
vn -0.88583 -0.46401 0
vn 0.795 0.6066 0
vn -0.62638 -0.46401 0.62638
vn 0.56215 0.60661 -0.56215
vt 0.75089 0.9683
vt 0.75089 0.95357
vt 0.78036 0.95357
vt 0.78036 0.9683
vt 0.07567 0.94652
vt 0.06602 0.95025
vt 0.05131 0.93554
vt 0.05505 0.92589
vt 0.71605 0.14144
vt 0.71804 0.15554
vt 0.70392 0.15554
vt 0.70591 0.14144
vt 0.46964 0.26518
vt 0.46964 0.25045
vt 0.49911 0.25045
vt 0.49911 0.26518
vt 0.07625 0.97708
vt 0.06679 0.9729
vt 0.06679 0.9521
vt 0.07625 0.94792
vt 0.52851 0.14144
vt 0.5305 0.15554
vt 0.51638 0.15554
vt 0.51837 0.14144
vt 0.73527 0.3433
vt 0.73527 0.32857
vt 0.76473 0.32857
vt 0.76473 0.3433
vt 0.05505 0.99911
vt 0.05131 0.98946
vt 0.06602 0.97475
vt 0.07567 0.97848
vt 0.65346 0.14144
vt 0.65545 0.15554
vt 0.64133 0.15554
vt 0.64332 0.14144
vt 0.51652 0.26518
vt 0.51652 0.25045
vt 0.54598 0.25045
vt 0.54598 0.26518
vt 0.02448 0.99969
vt 0.02866 0.99022
vt 0.04947 0.99022
vt 0.05364 0.99969
vt 0.46601 0.14144
vt 0.468 0.15554
vt 0.45388 0.15554
vt 0.45587 0.14144
vt 0.00089 0.24955
vt 0.00089 0.23482
vt 0.03036 0.23482
vt 0.03036 0.24955
vt 0.00245 0.97848
vt 0.0121 0.97475
vt 0.02681 0.98946
vt 0.02308 0.99911
vt 0.6848 0.14144
vt 0.68679 0.15554
vt 0.67267 0.15554
vt 0.67466 0.14144
vt 0.73527 0.37455
vt 0.73527 0.35982
vt 0.76473 0.35982
vt 0.76473 0.37455
vt 0.00187 0.94792
vt 0.01134 0.9521
vt 0.01134 0.9729
vt 0.00187 0.97708
vt 0.62226 0.14144
vt 0.62425 0.15554
vt 0.61013 0.15554
vt 0.61212 0.14144
vt 0.73527 0.31205
vt 0.73527 0.29732
vt 0.76473 0.29732
vt 0.76473 0.31205
vt 0.02308 0.92589
vt 0.02681 0.93554
vt 0.0121 0.95025
vt 0.00245 0.94652
vt 0.85659 0.29769
vt 0.85858 0.31179
vt 0.84446 0.31179
vt 0.84645 0.29769
vt 0.73527 0.4058
vt 0.73527 0.39107
vt 0.76473 0.39107
vt 0.76473 0.4058
vt 0.05364 0.92531
vt 0.04947 0.93478
vt 0.02866 0.93478
vt 0.02448 0.92531
vt 0.49726 0.14144
vt 0.49925 0.15554
vt 0.48513 0.15554
vt 0.48712 0.14144
vt 0.03061 0.53208
vt 0.02308 0.57718
vt 0.00817 0.57718
vt 0.00064 0.53208
vt 0.81908 0.95369
vt 0.81367 0.96794
vt 0.80352 0.96794
vt 0.7981 0.95369
vt 0.49945 0.84458
vt 0.49192 0.88968
vt 0.47701 0.88968
vt 0.46949 0.84458
vt 0.83511 0.43807
vt 0.82969 0.45231
vt 0.81955 0.45231
vt 0.81413 0.43807
vt 0.07748 0.48521
vt 0.06995 0.5303
vt 0.05505 0.5303
vt 0.04752 0.48521
vt 0.83471 0.50057
vt 0.82929 0.51481
vt 0.81915 0.51481
vt 0.81373 0.50057
vt 0.49926 0.48521
vt 0.49174 0.5303
vt 0.47683 0.5303
vt 0.4693 0.48521
vt 0.8343 0.32869
vt 0.82889 0.34294
vt 0.81874 0.34294
vt 0.81332 0.32869
vt 0.26498 0.51646
vt 0.25745 0.56155
vt 0.24255 0.56155
vt 0.23502 0.51646
vt 0.83471 0.56307
vt 0.82929 0.57731
vt 0.81915 0.57731
vt 0.81373 0.56307
vt 0.0307 0.46958
vt 0.02317 0.51468
vt 0.00826 0.51468
vt 0.00074 0.46958
vt 0.85074 0.98494
vt 0.84532 0.99919
vt 0.83518 0.99919
vt 0.82976 0.98494
vt 0.13998 0.50083
vt 0.13245 0.54593
vt 0.11755 0.54593
vt 0.11002 0.50083
vt 0.83471 0.53182
vt 0.82929 0.54606
vt 0.81915 0.54606
vt 0.81373 0.53182
vt 0.51489 0.95396
vt 0.50736 0.99905
vt 0.49246 0.99905
vt 0.48493 0.95396
vt 0.8343 0.46932
vt 0.82889 0.48356
vt 0.81874 0.48356
vt 0.81332 0.46932
vt 0.69834 0.87942
vt 0.70895 0.87992
vt 0.71579 0.88677
vt 0.7163 0.89737
vt 0.71578 0.89817
vt 0.7084 0.90533
vt 0.69812 0.90549
vt 0.69785 0.87986
vt 0.69719 0.90529
vt 0.69005 0.89744
vt 0.69005 0.88775
vt 0.69719 0.8799
usemtl mat3
f 1977/1977/501 1978/1978/501 1979/1979/501
f 1977/1977/501 1979/1979/501 1980/1980/501
f 1981/1981/502 1982/1982/502 1983/1983/502
f 1981/1981/502 1983/1983/502 1984/1984/502
f 1985/1985/503 1986/1986/503 1987/1987/503
f 1985/1985/503 1987/1987/503 1988/1988/503
f 1989/1989/504 1990/1990/504 1991/1991/504
f 1989/1989/504 1991/1991/504 1992/1992/504
f 1993/1993/502 1994/1994/502 1995/1995/502
f 1993/1993/502 1995/1995/502 1996/1996/502
f 1997/1997/505 1998/1998/505 1999/1999/505
f 1997/1997/505 1999/1999/505 2000/2000/505
f 2001/2001/506 2002/2002/506 2003/2003/506
f 2001/2001/506 2003/2003/506 2004/2004/506
f 2005/2005/502 2006/2006/502 2007/2007/502
f 2005/2005/502 2007/2007/502 2008/2008/502
f 2009/2009/507 2010/2010/507 2011/2011/507
f 2009/2009/507 2011/2011/507 2012/2012/507
f 2013/2013/508 2014/2014/508 2015/2015/508
f 2013/2013/508 2015/2015/508 2016/2016/508
f 2017/2017/502 2018/2018/502 2019/2019/502
f 2017/2017/502 2019/2019/502 2020/2020/502
f 2021/2021/509 2022/2022/509 2023/2023/509
f 2021/2021/509 2023/2023/509 2024/2024/509
f 2025/2025/510 2026/2026/510 2027/2027/510
f 2025/2025/510 2027/2027/510 2028/2028/510
f 2029/2029/502 2030/2030/502 2031/2031/502
f 2029/2029/502 2031/2031/502 2032/2032/502
f 2033/2033/511 2034/2034/511 2035/2035/511
f 2033/2033/511 2035/2035/511 2036/2036/511
f 2037/2037/512 2038/2038/512 2039/2039/512
f 2037/2037/512 2039/2039/512 2040/2040/512
f 2041/2041/502 2042/2042/502 2043/2043/502
f 2041/2041/502 2043/2043/502 2044/2044/502
f 2045/2045/513 2046/2046/513 2047/2047/513
f 2045/2045/513 2047/2047/513 2048/2048/513
f 2049/2049/514 2050/2050/514 2051/2051/514
f 2049/2049/514 2051/2051/514 2052/2052/514
f 2053/2053/502 2054/2054/502 2055/2055/502
f 2053/2053/502 2055/2055/502 2056/2056/502
f 2057/2057/515 2058/2058/515 2059/2059/515
f 2057/2057/515 2059/2059/515 2060/2060/515
f 2061/2061/516 2062/2062/516 2063/2063/516
f 2061/2061/516 2063/2063/516 2064/2064/516
f 2065/2065/502 2066/2066/502 2067/2067/502
f 2065/2065/502 2067/2067/502 2068/2068/502
f 2069/2069/517 2070/2070/517 2071/2071/517
f 2069/2069/517 2071/2071/517 2072/2072/517
f 2073/2073/518 2074/2074/518 2075/2075/518
f 2073/2073/518 2075/2075/518 2076/2076/518
f 2077/2077/519 2078/2078/519 2079/2079/519
f 2077/2077/519 2079/2079/519 2080/2080/519
f 2081/2081/520 2082/2082/520 2083/2083/520
f 2081/2081/520 2083/2083/520 2084/2084/520
f 2085/2085/521 2086/2086/521 2087/2087/521
f 2085/2085/521 2087/2087/521 2088/2088/521
f 2089/2089/522 2090/2090/522 2091/2091/522
f 2089/2089/522 2091/2091/522 2092/2092/522
f 2093/2093/523 2094/2094/523 2095/2095/523
f 2093/2093/523 2095/2095/523 2096/2096/523
f 2097/2097/524 2098/2098/524 2099/2099/524
f 2097/2097/524 2099/2099/524 2100/2100/524
f 2101/2101/525 2102/2102/525 2103/2103/525
f 2101/2101/525 2103/2103/525 2104/2104/525
f 2105/2105/526 2106/2106/526 2107/2107/526
f 2105/2105/526 2107/2107/526 2108/2108/526
f 2109/2109/527 2110/2110/527 2111/2111/527
f 2109/2109/527 2111/2111/527 2112/2112/527
f 2113/2113/528 2114/2114/528 2115/2115/528
f 2113/2113/528 2115/2115/528 2116/2116/528
f 2117/2117/529 2118/2118/529 2119/2119/529
f 2117/2117/529 2119/2119/529 2120/2120/529
f 2121/2121/530 2122/2122/530 2123/2123/530
f 2121/2121/530 2123/2123/530 2124/2124/530
f 2125/2125/531 2126/2126/531 2127/2127/531
f 2125/2125/531 2127/2127/531 2128/2128/531
f 2129/2129/532 2130/2130/532 2131/2131/532
f 2129/2129/532 2131/2131/532 2132/2132/532
f 2133/2133/533 2134/2134/533 2135/2135/533
f 2133/2133/533 2135/2135/533 2136/2136/533
f 2137/2137/502 2138/2138/502 2139/2139/502
f 2137/2137/502 2139/2139/502 2140/2140/502
f 2141/2141/502 2142/2142/502 2143/2143/502
f 2141/2141/502 2143/2143/502 2144/2144/502
f 2145/2145/502 2146/2146/502 2147/2147/502
f 2145/2145/502 2147/2147/502 2148/2148/502
# Vertices: 172, normals: 33, texture coordinates: 172, faces: 86

o obj23
v 0.06742437 -0.0125 0.25163063
v 0.18420625 -0.0125 0.18420625
v 0 -0.0125 0
v 0.24560875 0.19 0.24560875
v 0.19648688 0.02124999 0.19648688
v 0.07191937 0.02124999 0.26840624
v 0.08989875 0.19 0.33550751
v 0.22104751 0.24062499 0.22104751
v 0.08090937 0.24062499 0.30195686
v 0 0.29124999 0
v 0.18420625 -0.0125 0.18420625
v 0.25163063 -0.0125 0.06742437
v 0 -0.0125 0
v 0.33550751 0.19 0.08989875
v 0.26840624 0.02124999 0.07191937
v 0.19648688 0.02124999 0.19648688
v 0.24560875 0.19 0.24560875
v 0.30195686 0.24062499 0.08090937
v 0.22104751 0.24062499 0.22104751
v 0 0.29124999 0
v 0.25163063 -0.0125 0.06742437
v 0.25163063 -0.0125 -0.06742437
v 0 -0.0125 0
v 0.33550751 0.19 -0.08989875
v 0.26840624 0.02124999 -0.07191937
v 0.26840624 0.02124999 0.07191937
v 0.33550751 0.19 0.08989875
v 0.30195686 0.24062499 -0.08090937
v 0.30195686 0.24062499 0.08090937
v 0 0.29124999 0
v 0.25163063 -0.0125 -0.06742437
v 0.18420625 -0.0125 -0.18420625
v 0 -0.0125 0
v 0.24560875 0.19 -0.24560875
v 0.19648688 0.02124999 -0.19648688
v 0.26840624 0.02124999 -0.07191937
v 0.33550751 0.19 -0.08989875
v 0.22104751 0.24062499 -0.22104751
v 0.30195686 0.24062499 -0.08090937
v 0 0.29124999 0
v 0.18420625 -0.0125 -0.18420625
v 0.06742437 -0.0125 -0.25163063
v 0 -0.0125 0
v 0.08989875 0.19 -0.33550751
v 0.07191937 0.02124999 -0.26840624
v 0.19648688 0.02124999 -0.19648688
v 0.24560875 0.19 -0.24560875
v 0.08090937 0.24062499 -0.30195686
v 0.22104751 0.24062499 -0.22104751
v 0 0.29124999 0
v 0.06742437 -0.0125 -0.25163063
v -0.06742437 -0.0125 -0.25163063
v 0 -0.0125 0
v -0.08989875 0.19 -0.33550751
v -0.07191937 0.02124999 -0.26840624
v 0.07191937 0.02124999 -0.26840624
v 0.08989875 0.19 -0.33550751
v -0.08090937 0.24062499 -0.30195686
v 0.08090937 0.24062499 -0.30195686
v 0 0.29124999 0
v -0.06742437 -0.0125 -0.25163063
v -0.18420625 -0.0125 -0.18420625
v 0 -0.0125 0
v -0.24560875 0.19 -0.24560875
v -0.19648688 0.02124999 -0.19648688
v -0.07191937 0.02124999 -0.26840624
v -0.08989875 0.19 -0.33550751
v -0.22104751 0.24062499 -0.22104751
v -0.08090937 0.24062499 -0.30195686
v 0 0.29124999 0
v -0.18420625 -0.0125 -0.18420625
v -0.25163063 -0.0125 -0.06742437
v 0 -0.0125 0
v -0.33550751 0.19 -0.08989875
v -0.26840624 0.02124999 -0.07191937
v -0.19648688 0.02124999 -0.19648688
v -0.24560875 0.19 -0.24560875
v -0.30195686 0.24062499 -0.08090937
v -0.22104751 0.24062499 -0.22104751
v 0 0.29124999 0
v -0.25163063 -0.0125 -0.06742437
v -0.25163063 -0.0125 0.06742437
v 0 -0.0125 0
v -0.33550751 0.19 0.08989875
v -0.26840624 0.02124999 0.07191937
v -0.26840624 0.02124999 -0.07191937
v -0.33550751 0.19 -0.08989875
v -0.30195686 0.24062499 0.08090937
v -0.30195686 0.24062499 -0.08090937
v 0 0.29124999 0
v -0.25163063 -0.0125 0.06742437
v -0.18420625 -0.0125 0.18420625
v 0 -0.0125 0
v -0.24560875 0.19 0.24560875
v -0.19648688 0.02124999 0.19648688
v -0.26840624 0.02124999 0.07191937
v -0.33550751 0.19 0.08989875
v -0.22104751 0.24062499 0.22104751
v -0.30195686 0.24062499 0.08090937
v 0 0.29124999 0
v -0.18420625 -0.0125 0.18420625
v -0.06742437 -0.0125 0.25163063
v 0 -0.0125 0
v -0.08989875 0.19 0.33550751
v -0.07191937 0.02124999 0.26840624
v -0.19648688 0.02124999 0.19648688
v -0.24560875 0.19 0.24560875
v -0.08090937 0.24062499 0.30195686
v -0.22104751 0.24062499 0.22104751
v 0 0.29124999 0
v -0.06742437 -0.0125 0.25163063
v 0.06742437 -0.0125 0.25163063
v 0 -0.0125 0
v 0.08989875 0.19 0.33550751
v 0.07191937 0.02124999 0.26840624
v -0.07191937 0.02124999 0.26840624
v -0.08989875 0.19 0.33550751
v 0.08090937 0.24062499 0.30195686
v -0.08090937 0.24062499 0.30195686
v 0 0.29124999 0
v -0.09768438 0.19 0.36456314
v -0.09768438 0.25749999 0.36456314
v 0.09768438 0.25749999 0.36456314
v 0.09768438 0.19 0.36456314
v 0.09768438 0.19 0.36456314
v 0.09768438 0.25749999 0.36456314
v 0.26687875 0.25749999 0.26687875
v 0.26687875 0.19 0.26687875
v 0.26687875 0.19 0.26687875
v 0.26687875 0.25749999 0.26687875
v 0.36456314 0.25749999 0.09768438
v 0.36456314 0.19 0.09768438
v 0.36456314 0.19 0.09768438
v 0.36456314 0.25749999 0.09768438
v 0.36456314 0.25749999 -0.09768438
v 0.36456314 0.19 -0.09768438
v 0.36456314 0.19 -0.09768438
v 0.36456314 0.25749999 -0.09768438
v 0.26687875 0.25749999 -0.26687875
v 0.26687875 0.19 -0.26687875
v 0.26687875 0.19 -0.26687875
v 0.26687875 0.25749999 -0.26687875
v 0.09768438 0.25749999 -0.36456314
v 0.09768438 0.19 -0.36456314
v 0.09768438 0.19 -0.36456314
v 0.09768438 0.25749999 -0.36456314
v -0.09768438 0.25749999 -0.36456314
v -0.09768438 0.19 -0.36456314
v -0.09768438 0.19 -0.36456314
v -0.09768438 0.25749999 -0.36456314
v -0.26687875 0.25749999 -0.26687875
v -0.26687875 0.19 -0.26687875
v -0.36456314 0.19 -0.09768438
v -0.36456314 0.25749999 -0.09768438
v -0.36456314 0.25749999 0.09768438
v -0.36456314 0.19 0.09768438
v -0.26687875 0.19 0.26687875
v -0.26687875 0.25749999 0.26687875
v -0.09768438 0.25749999 0.36456314
v -0.09768438 0.19 0.36456314
v -0.36456314 0.19 0.09768438
v -0.36456314 0.25749999 0.09768438
v -0.26687875 0.25749999 0.26687875
v -0.26687875 0.19 0.26687875
v -0.26687875 0.19 -0.26687875
v -0.26687875 0.25749999 -0.26687875
v -0.36456314 0.25749999 -0.09768438
v -0.36456314 0.19 -0.09768438
v -0.08090937 0.32499999 -0.30195686
v -0.09318937 0.32499999 -0.34778813
v 0.09318937 0.32499999 -0.34778813
v 0.08090937 0.32499999 -0.30195686
v 0.08989875 0.19 -0.33550751
v 0.09768438 0.19 -0.36456314
v -0.09768438 0.19 -0.36456314
v -0.08989875 0.19 -0.33550751
v 0.08090937 0.32499999 -0.30195686
v 0.09318937 0.32499999 -0.34778813
v 0.25459811 0.32499999 -0.25459811
v 0.22104751 0.32499999 -0.22104751
v 0.24560875 0.19 -0.24560875
v 0.26687875 0.19 -0.26687875
v 0.09768438 0.19 -0.36456314
v 0.08989875 0.19 -0.33550751
v 0.22104751 0.32499999 -0.22104751
v 0.25459811 0.32499999 -0.25459811
v 0.34778813 0.32499999 -0.09318937
v 0.30195686 0.32499999 -0.08090937
v 0.33550751 0.19 -0.08989875
v 0.36456314 0.19 -0.09768438
v 0.26687875 0.19 -0.26687875
v 0.24560875 0.19 -0.24560875
v 0.30195686 0.32499999 -0.08090937
v 0.34778813 0.32499999 -0.09318937
v 0.34778813 0.32499999 0.09318937
v 0.30195686 0.32499999 0.08090937
v 0.33550751 0.19 0.08989875
v 0.36456314 0.19 0.09768438
v 0.36456314 0.19 -0.09768438
v 0.33550751 0.19 -0.08989875
v 0.30195686 0.32499999 0.08090937
v 0.34778813 0.32499999 0.09318937
v 0.25459811 0.32499999 0.25459811
v 0.22104751 0.32499999 0.22104751
v 0.24560875 0.19 0.24560875
v 0.26687875 0.19 0.26687875
v 0.36456314 0.19 0.09768438
v 0.33550751 0.19 0.08989875
v -0.22104751 0.32499999 -0.22104751
v -0.25459811 0.32499999 -0.25459811
v -0.09318937 0.32499999 -0.34778813
v -0.08090937 0.32499999 -0.30195686
v -0.08989875 0.19 -0.33550751
v -0.09768438 0.19 -0.36456314
v -0.26687875 0.19 -0.26687875
v -0.24560875 0.19 -0.24560875
v -0.30195686 0.32499999 -0.08090937
v -0.34778813 0.32499999 -0.09318937
v -0.25459811 0.32499999 -0.25459811
v -0.22104751 0.32499999 -0.22104751
v -0.24560875 0.19 -0.24560875
v -0.26687875 0.19 -0.26687875
v -0.36456314 0.19 -0.09768438
v -0.33550751 0.19 -0.08989875
v -0.30195686 0.32499999 0.08090937
v -0.34778813 0.32499999 0.09318937
v -0.34778813 0.32499999 -0.09318937
v -0.30195686 0.32499999 -0.08090937
v -0.33550751 0.19 -0.08989875
v -0.36456314 0.19 -0.09768438
v -0.36456314 0.19 0.09768438
v -0.33550751 0.19 0.08989875
v -0.22104751 0.32499999 0.22104751
v -0.25459811 0.32499999 0.25459811
v -0.34778813 0.32499999 0.09318937
v -0.30195686 0.32499999 0.08090937
v -0.33550751 0.19 0.08989875
v -0.36456314 0.19 0.09768438
v -0.26687875 0.19 0.26687875
v -0.24560875 0.19 0.24560875
v -0.08090937 0.32499999 0.30195686
v -0.09318937 0.32499999 0.34778813
v -0.25459811 0.32499999 0.25459811
v -0.22104751 0.32499999 0.22104751
v -0.24560875 0.19 0.24560875
v -0.26687875 0.19 0.26687875
v -0.09768438 0.19 0.36456314
v -0.08989875 0.19 0.33550751
v 0.08090937 0.32499999 0.30195686
v 0.09318937 0.32499999 0.34778813
v -0.09318937 0.32499999 0.34778813
v -0.08090937 0.32499999 0.30195686
v -0.08989875 0.19 0.33550751
v -0.09768438 0.19 0.36456314
v 0.09768438 0.19 0.36456314
v 0.08989875 0.19 0.33550751
v 0.22104751 0.32499999 0.22104751
v 0.25459811 0.32499999 0.25459811
v 0.09318937 0.32499999 0.34778813
v 0.08090937 0.32499999 0.30195686
v 0.08989875 0.19 0.33550751
v 0.09768438 0.19 0.36456314
v 0.26687875 0.19 0.26687875
v 0.24560875 0.19 0.24560875
v 0.09768438 0.25749999 0.36456314
v 0.09318937 0.32499999 0.34778813
v 0.25459811 0.32499999 0.25459811
v 0.26687875 0.25749999 0.26687875
v 0.22104751 0.24062499 0.22104751
v 0.22104751 0.32499999 0.22104751
v 0.08090937 0.32499999 0.30195686
v 0.08090937 0.24062499 0.30195686
v 0.26687875 0.25749999 0.26687875
v 0.25459811 0.32499999 0.25459811
v 0.34778813 0.32499999 0.09318937
v 0.36456314 0.25749999 0.09768438
v 0.30195686 0.24062499 0.08090937
v 0.30195686 0.32499999 0.08090937
v 0.22104751 0.32499999 0.22104751
v 0.22104751 0.24062499 0.22104751
v 0.36456314 0.25749999 0.09768438
v 0.34778813 0.32499999 0.09318937
v 0.34778813 0.32499999 -0.09318937
v 0.36456314 0.25749999 -0.09768438
v 0.30195686 0.24062499 -0.08090937
v 0.30195686 0.32499999 -0.08090937
v 0.30195686 0.32499999 0.08090937
v 0.30195686 0.24062499 0.08090937
v 0.36456314 0.25749999 -0.09768438
v 0.34778813 0.32499999 -0.09318937
v 0.25459811 0.32499999 -0.25459811
v 0.26687875 0.25749999 -0.26687875
v 0.22104751 0.24062499 -0.22104751
v 0.22104751 0.32499999 -0.22104751
v 0.30195686 0.32499999 -0.08090937
v 0.30195686 0.24062499 -0.08090937
v 0.26687875 0.25749999 -0.26687875
v 0.25459811 0.32499999 -0.25459811
v 0.09318937 0.32499999 -0.34778813
v 0.09768438 0.25749999 -0.36456314
v 0.08090937 0.24062499 -0.30195686
v 0.08090937 0.32499999 -0.30195686
v 0.22104751 0.32499999 -0.22104751
v 0.22104751 0.24062499 -0.22104751
v 0.09768438 0.25749999 -0.36456314
v 0.09318937 0.32499999 -0.34778813
v -0.09318937 0.32499999 -0.34778813
v -0.09768438 0.25749999 -0.36456314
v -0.08090937 0.24062499 -0.30195686
v -0.08090937 0.32499999 -0.30195686
v 0.08090937 0.32499999 -0.30195686
v 0.08090937 0.24062499 -0.30195686
v -0.09768438 0.25749999 -0.36456314
v -0.09318937 0.32499999 -0.34778813
v -0.25459811 0.32499999 -0.25459811
v -0.26687875 0.25749999 -0.26687875
v -0.22104751 0.24062499 -0.22104751
v -0.22104751 0.32499999 -0.22104751
v -0.08090937 0.32499999 -0.30195686
v -0.08090937 0.24062499 -0.30195686
v -0.26687875 0.25749999 -0.26687875
v -0.25459811 0.32499999 -0.25459811
v -0.34778813 0.32499999 -0.09318937
v -0.36456314 0.25749999 -0.09768438
v -0.30195686 0.24062499 -0.08090937
v -0.30195686 0.32499999 -0.08090937
v -0.22104751 0.32499999 -0.22104751
v -0.22104751 0.24062499 -0.22104751
v -0.36456314 0.25749999 -0.09768438
v -0.34778813 0.32499999 -0.09318937
v -0.34778813 0.32499999 0.09318937
v -0.36456314 0.25749999 0.09768438
v -0.30195686 0.24062499 0.08090937
v -0.30195686 0.32499999 0.08090937
v -0.30195686 0.32499999 -0.08090937
v -0.30195686 0.24062499 -0.08090937
v -0.36456314 0.25749999 0.09768438
v -0.34778813 0.32499999 0.09318937
v -0.25459811 0.32499999 0.25459811
v -0.26687875 0.25749999 0.26687875
v -0.22104751 0.24062499 0.22104751
v -0.22104751 0.32499999 0.22104751
v -0.30195686 0.32499999 0.08090937
v -0.30195686 0.24062499 0.08090937
v -0.26687875 0.25749999 0.26687875
v -0.25459811 0.32499999 0.25459811
v -0.09318937 0.32499999 0.34778813
v -0.09768438 0.25749999 0.36456314
v -0.08090937 0.24062499 0.30195686
v -0.08090937 0.32499999 0.30195686
v -0.22104751 0.32499999 0.22104751
v -0.22104751 0.24062499 0.22104751
v -0.09768438 0.25749999 0.36456314
v -0.09318937 0.32499999 0.34778813
v 0.09318937 0.32499999 0.34778813
v 0.09768438 0.25749999 0.36456314
v 0.08090937 0.24062499 0.30195686
v 0.08090937 0.32499999 0.30195686
v -0.08090937 0.32499999 0.30195686
v -0.08090937 0.24062499 0.30195686
v -0.19648688 0.02124999 -0.19648688
v -0.18420625 -0.0125 -0.18420625
v -0.06742437 -0.0125 -0.25163063
v -0.07191937 0.02124999 -0.26840624
v -0.07191937 0.02124999 -0.26840624
v -0.06742437 -0.0125 -0.25163063
v 0.06742437 -0.0125 -0.25163063
v 0.07191937 0.02124999 -0.26840624
v 0.07191937 0.02124999 -0.26840624
v 0.06742437 -0.0125 -0.25163063
v 0.18420625 -0.0125 -0.18420625
v 0.19648688 0.02124999 -0.19648688
v 0.19648688 0.02124999 -0.19648688
v 0.18420625 -0.0125 -0.18420625
v 0.25163063 -0.0125 -0.06742437
v 0.26840624 0.02124999 -0.07191937
v 0.26840624 0.02124999 -0.07191937
v 0.25163063 -0.0125 -0.06742437
v 0.25163063 -0.0125 0.06742437
v 0.26840624 0.02124999 0.07191937
v 0.26840624 0.02124999 0.07191937
v 0.25163063 -0.0125 0.06742437
v 0.18420625 -0.0125 0.18420625
v 0.19648688 0.02124999 0.19648688
v 0.19648688 0.02124999 0.19648688
v 0.18420625 -0.0125 0.18420625
v 0.06742437 -0.0125 0.25163063
v 0.07191937 0.02124999 0.26840624
v -0.07191937 0.02124999 0.26840624
v -0.06742437 -0.0125 0.25163063
v -0.18420625 -0.0125 0.18420625
v -0.19648688 0.02124999 0.19648688
v 0.07191937 0.02124999 0.26840624
v 0.06742437 -0.0125 0.25163063
v -0.06742437 -0.0125 0.25163063
v -0.07191937 0.02124999 0.26840624
v -0.19648688 0.02124999 0.19648688
v -0.18420625 -0.0125 0.18420625
v -0.25163063 -0.0125 0.06742437
v -0.26840624 0.02124999 0.07191937
v -0.26840624 0.02124999 0.07191937
v -0.25163063 -0.0125 0.06742437
v -0.25163063 -0.0125 -0.06742437
v -0.26840624 0.02124999 -0.07191937
v -0.26840624 0.02124999 -0.07191937
v -0.25163063 -0.0125 -0.06742437
v -0.18420625 -0.0125 -0.18420625
v -0.19648688 0.02124999 -0.19648688
vn 0 1 0
vn -0.46462 0.3695 -0.80474
vn -0.08267 -0.98624 -0.1432
vn -0.80474 0.3695 -0.46462
vn -0.1432 -0.98624 -0.08267
vn -0.92923 0.3695 0
vn -0.16535 -0.98624 0
vn -0.80474 0.3695 0.46462
vn -0.1432 -0.98624 0.08267
vn -0.46462 0.3695 0.80474
vn -0.08267 -0.98624 0.1432
vn 0 0.3695 0.92923
vn 0 -0.98624 0.16535
vn 0.46462 0.3695 0.80474
vn 0.08267 -0.98624 0.1432
vn 0.80474 0.3695 0.46462
vn 0.1432 -0.98624 0.08267
vn 0.92923 0.3695 0
vn 0.16535 -0.98624 0
vn 0.80474 0.3695 -0.46462
vn 0.1432 -0.98624 -0.08267
vn 0.46462 0.3695 -0.80474
vn 0.08267 -0.98624 -0.1432
vn 0 0.3695 -0.92923
vn -0 -0.98624 -0.16535
vn 0 0 -1
vn -0.5 0 -0.86603
vn -0.86603 0 -0.5
vn -1 0 0
vn -0.86603 0 0.5
vn -0.5 0 0.86603
vn 0 0 1
vn 0.5 0 0.86603
vn 1 0 0
vn 0.5 0 -0.86603
vn 0.86603 0 -0.5
vn 0.86603 0 0.5
vn 0 -1 0
vn -0.48524 -0.24118 -0.84046
vn 0.5 0 0.86602
vn -0.84046 -0.24119 -0.48524
vn 0.86602 0 0.5
vn -0.97048 -0.24118 0
vn -0.84046 -0.24118 0.48524
vn 0.86602 0 -0.5
vn -0.48524 -0.24119 0.84046
vn 0.5 0 -0.86602
vn 0 -0.24118 0.97048
vn 0.48524 -0.24118 0.84046
vn -0.5 0 -0.86602
vn 0.84046 -0.24119 0.48524
vn -0.86602 0 -0.5
vn 0.97048 -0.24118 0
vn 0.84046 -0.24118 -0.48524
vn -0.86602 0 0.5
vn 0.48524 -0.24119 -0.84046
vn -0.5 0 0.86602
vn 0 -0.24118 -0.97048
vn 0.44774 0.4451 0.77551
vn 0 0.4451 0.89548
vn -0.44774 0.4451 0.77551
vn -0.77551 0.4451 0.44774
vn -0.89548 0.4451 0
vn -0.77551 0.4451 -0.44774
vn -0.44774 0.4451 -0.77551
vn 0.44774 0.4451 -0.77551
vn 0 0.4451 -0.89548
vn 0.77551 0.4451 -0.44774
vn 0.89548 0.4451 0
vn 0.77551 0.4451 0.44774
vt 0.07437 0.81201
vt 0.10102 0.79662
vt 0.05884 0.75434
vt 0.29654 0.65588
vt 0.2924 0.60978
vt 0.25949 0.60978
vt 0.25534 0.65588
vt 0.30882 0.8784
vt 0.27673 0.85987
vt 0.25806 0.92925
vt 0.10131 0.79633
vt 0.11669 0.76968
vt 0.05903 0.75416
vt 0.37467 0.7965
vt 0.37052 0.75041
vt 0.33761 0.75041
vt 0.33347 0.7965
vt 0.32763 0.91077
vt 0.3091 0.87868
vt 0.25825 0.92944
vt 0.1168 0.76929
vt 0.1168 0.73852
vt 0.05909 0.75391
vt 0.35654 0.68713
vt 0.35239 0.64103
vt 0.31948 0.64103
vt 0.31534 0.68713
vt 0.32774 0.94821
vt 0.32774 0.91116
vt 0.25831 0.92969
vt 0.11669 0.73813
vt 0.10131 0.71148
vt 0.05903 0.75366
vt 0.38528 0.99963
vt 0.38114 0.95353
vt 0.34823 0.95353
vt 0.34408 0.99963
vt 0.3091 0.98069
vt 0.32763 0.9486
vt 0.25825 0.92994
vt 0.10102 0.71119
vt 0.07437 0.69581
vt 0.05884 0.75347
vt 0.22903 0.65588
vt 0.22489 0.60978
vt 0.19198 0.60978
vt 0.18783 0.65588
vt 0.27673 0.99951
vt 0.30882 0.98098
vt 0.25806 0.93012
vt 0.07398 0.6957
vt 0.04321 0.6957
vt 0.05859 0.75341
vt 0.23154 0.7965
vt 0.22739 0.75041
vt 0.19448 0.75041
vt 0.19034 0.7965
vt 0.23929 0.99961
vt 0.27634 0.99961
vt 0.25781 0.93019
vt 0.04282 0.69581
vt 0.01617 0.71119
vt 0.05834 0.75347
vt 0.39029 0.93713
vt 0.38615 0.89103
vt 0.35324 0.89103
vt 0.34909 0.93713
vt 0.20681 0.98098
vt 0.2389 0.99951
vt 0.25756 0.93012
vt 0.01588 0.71148
vt 0.00049 0.73813
vt 0.05816 0.75366
vt 0.37467 0.859
vt 0.37052 0.81291
vt 0.33761 0.81291
vt 0.33347 0.859
vt 0.18799 0.9486
vt 0.20652 0.98069
vt 0.25738 0.92994
vt 0.00039 0.73852
vt 0.00039 0.76929
vt 0.05809 0.75391
vt 0.04404 0.6715
vt 0.03989 0.62541
vt 0.00698 0.62541
vt 0.00284 0.6715
vt 0.18789 0.91116
vt 0.18789 0.94821
vt 0.25731 0.92969
vt 0.00049 0.76968
vt 0.01588 0.79633
vt 0.05816 0.75416
vt 0.10403 0.6715
vt 0.09989 0.62541
vt 0.06698 0.62541
vt 0.06283 0.6715
vt 0.20652 0.87868
vt 0.18799 0.91077
vt 0.25738 0.92944
vt 0.01617 0.79662
vt 0.04282 0.81201
vt 0.05834 0.75434
vt 0.16653 0.65588
vt 0.16239 0.60978
vt 0.12948 0.60978
vt 0.12533 0.65588
vt 0.2389 0.85987
vt 0.20681 0.8784
vt 0.25756 0.92925
vt 0.04321 0.81211
vt 0.07398 0.81211
vt 0.05859 0.75441
vt 0.09091 0.93713
vt 0.08677 0.89103
vt 0.05386 0.89103
vt 0.04971 0.93713
vt 0.27634 0.85976
vt 0.23929 0.85976
vt 0.25781 0.92919
vt 0.32929 0.70329
vt 0.32929 0.71859
vt 0.37384 0.71859
vt 0.37384 0.70329
vt 0.39248 0.70329
vt 0.39248 0.71859
vt 0.43703 0.71859
vt 0.43703 0.70329
vt 0.39248 0.79704
vt 0.39248 0.81234
vt 0.43703 0.81234
vt 0.43703 0.79704
vt 0.31366 0.59391
vt 0.31366 0.60921
vt 0.35821 0.60921
vt 0.35821 0.59391
vt 0.3911 0.84391
vt 0.3911 0.85921
vt 0.43565 0.85921
vt 0.43565 0.84391
vt 0.40672 0.96891
vt 0.40672 0.98421
vt 0.45127 0.98421
vt 0.45127 0.96891
vt 0.37616 0.60954
vt 0.37616 0.62484
vt 0.42071 0.62484
vt 0.42071 0.60954
vt 0.39248 0.75016
vt 0.39248 0.76546
vt 0.43703 0.76546
vt 0.43703 0.75016
vt 0.37616 0.65641
vt 0.37616 0.67171
vt 0.42071 0.67171
vt 0.42071 0.65641
vt 0.40672 0.92204
vt 0.40672 0.93734
vt 0.45127 0.93734
vt 0.45127 0.92204
vt 0.00047 0.57829
vt 0.00047 0.59359
vt 0.04502 0.59359
vt 0.04502 0.57829
vt 0.06435 0.57829
vt 0.06435 0.59359
vt 0.1089 0.59359
vt 0.1089 0.57829
vt 0.06756 0.9856
vt 0.06367 0.99985
vt 0.10821 0.99985
vt 0.10431 0.9856
vt 0.247 0.67856
vt 0.24881 0.67195
vt 0.20431 0.67195
vt 0.20612 0.67856
vt 0.10527 0.98535
vt 0.10902 0.99963
vt 0.14759 0.97736
vt 0.1371 0.96697
vt 0.28337 0.69926
vt 0.28824 0.69444
vt 0.2497 0.67219
vt 0.24796 0.67882
vt 0.1378 0.96627
vt 0.14819 0.97676
vt 0.17046 0.93819
vt 0.15617 0.93444
vt 0.30451 0.73537
vt 0.31114 0.73363
vt 0.28889 0.69509
vt 0.28407 0.69996
vt 0.15643 0.93348
vt 0.17068 0.93738
vt 0.17068 0.89284
vt 0.15643 0.89674
vt 0.30477 0.7772
vt 0.31138 0.77902
vt 0.31138 0.73451
vt 0.30477 0.73633
vt 0.15617 0.89577
vt 0.17046 0.89203
vt 0.14819 0.85345
vt 0.1378 0.86395
vt 0.28407 0.81357
vt 0.28889 0.81844
vt 0.31114 0.7799
vt 0.30451 0.77817
vt 0.03478 0.96697
vt 0.02428 0.97736
vt 0.06285 0.99963
vt 0.0666 0.98535
vt 0.20516 0.67882
vt 0.20342 0.67219
vt 0.16488 0.69444
vt 0.16976 0.69926
vt 0.0157 0.93444
vt 0.00142 0.93819
vt 0.02369 0.97676
vt 0.03408 0.96627
vt 0.16905 0.69996
vt 0.16424 0.69509
vt 0.14198 0.73363
vt 0.14862 0.73537
vt 0.01544 0.89674
vt 0.0012 0.89284
vt 0.0012 0.93738
vt 0.01544 0.93348
vt 0.14836 0.73633
vt 0.14175 0.73451
vt 0.14175 0.77902
vt 0.14836 0.7772
vt 0.03408 0.86395
vt 0.02369 0.85345
vt 0.00142 0.89203
vt 0.0157 0.89577
vt 0.14862 0.77817
vt 0.14198 0.7799
vt 0.16424 0.81844
vt 0.16905 0.81357
vt 0.0666 0.84487
vt 0.06285 0.83059
vt 0.02428 0.85286
vt 0.03478 0.86325
vt 0.16976 0.81427
vt 0.16488 0.81909
vt 0.20342 0.84135
vt 0.20516 0.83471
vt 0.10431 0.84462
vt 0.10821 0.83037
vt 0.06367 0.83037
vt 0.06756 0.84462
vt 0.20612 0.83497
vt 0.20431 0.84158
vt 0.24881 0.84158
vt 0.247 0.83497
vt 0.1371 0.86325
vt 0.14759 0.85286
vt 0.10902 0.83059
vt 0.10527 0.84487
vt 0.24796 0.83471
vt 0.2497 0.84135
vt 0.28824 0.81909
vt 0.28337 0.81427
vt 0.39248 0.71891
vt 0.39248 0.73421
vt 0.43703 0.73421
vt 0.43703 0.71891
vt 0.45357 0.7971
vt 0.45357 0.81228
vt 0.48393 0.81228
vt 0.48393 0.7971
vt 0.39248 0.81266
vt 0.39248 0.82796
vt 0.43703 0.82796
vt 0.43703 0.81266
vt 0.42232 0.5471
vt 0.42232 0.56228
vt 0.45268 0.56228
vt 0.45268 0.5471
vt 0.31366 0.60954
vt 0.31366 0.62484
vt 0.35821 0.62484
vt 0.35821 0.60954
vt 0.25045 0.75022
vt 0.25045 0.7654
vt 0.2808 0.7654
vt 0.2808 0.75022
vt 0.3911 0.85954
vt 0.3911 0.87484
vt 0.43565 0.87484
vt 0.43565 0.85954
vt 0.45357 0.8596
vt 0.45357 0.87478
vt 0.48393 0.87478
vt 0.48393 0.8596
vt 0.40672 0.98454
vt 0.40672 0.99984
vt 0.45127 0.99984
vt 0.45127 0.98454
vt 0.45357 0.76585
vt 0.45357 0.78103
vt 0.48393 0.78103
vt 0.48393 0.76585
vt 0.37616 0.62516
vt 0.37616 0.64046
vt 0.42071 0.64046
vt 0.42071 0.62516
vt 0.37545 0.5471
vt 0.37545 0.56228
vt 0.4058 0.56228
vt 0.4058 0.5471
vt 0.39248 0.76579
vt 0.39248 0.78109
vt 0.43703 0.78109
vt 0.43703 0.76579
vt 0.45357 0.82835
vt 0.45357 0.84353
vt 0.48393 0.84353
vt 0.48393 0.82835
vt 0.06435 0.59391
vt 0.06435 0.60921
vt 0.1089 0.60921
vt 0.1089 0.59391
vt 0.43795 0.57835
vt 0.43795 0.59353
vt 0.4683 0.59353
vt 0.4683 0.57835
vt 0.37616 0.67204
vt 0.37616 0.68734
vt 0.42071 0.68734
vt 0.42071 0.67204
vt 0.43795 0.64085
vt 0.43795 0.65603
vt 0.4683 0.65603
vt 0.4683 0.64085
vt 0.00047 0.59391
vt 0.00047 0.60921
vt 0.04502 0.60921
vt 0.04502 0.59391
vt 0.43795 0.6096
vt 0.43795 0.62478
vt 0.4683 0.62478
vt 0.4683 0.6096
vt 0.40672 0.93766
vt 0.40672 0.95296
vt 0.45127 0.95296
vt 0.45127 0.93766
vt 0.45357 0.7346
vt 0.45357 0.74978
vt 0.48393 0.74978
vt 0.48393 0.7346
vt 0.32929 0.71891
vt 0.32929 0.73421
vt 0.37384 0.73421
vt 0.37384 0.71891
vt 0.43795 0.6721
vt 0.43795 0.68728
vt 0.4683 0.68728
vt 0.4683 0.6721
vt 0.22611 0.56229
vt 0.22507 0.5471
vt 0.19456 0.5471
vt 0.19352 0.56229
vt 0.44208 0.90604
vt 0.44103 0.89085
vt 0.41053 0.89085
vt 0.40949 0.90604
vt 0.28304 0.56229
vt 0.282 0.5471
vt 0.25149 0.5471
vt 0.25045 0.56229
vt 0.40804 0.59354
vt 0.407 0.57835
vt 0.37649 0.57835
vt 0.37545 0.59354
vt 0.16082 0.59354
vt 0.15978 0.57835
vt 0.12928 0.57835
vt 0.12824 0.59354
vt 0.28861 0.59354
vt 0.28757 0.57835
vt 0.25706 0.57835
vt 0.25602 0.59354
vt 0.10111 0.56229
vt 0.10007 0.5471
vt 0.06956 0.5471
vt 0.06852 0.56229
vt 0.15804 0.56229
vt 0.157 0.5471
vt 0.12649 0.5471
vt 0.12545 0.56229
vt 0.22332 0.73416
vt 0.22228 0.71897
vt 0.19178 0.71897
vt 0.19074 0.73416
vt 0.03304 0.56229
vt 0.032 0.5471
vt 0.00149 0.5471
vt 0.00045 0.56229
vt 0.22332 0.59354
vt 0.22228 0.57835
vt 0.19178 0.57835
vt 0.19074 0.59354
vt 0.35111 0.57791
vt 0.35007 0.56272
vt 0.31956 0.56272
vt 0.31852 0.57791
usemtl mat3
f 2149/2149/534 2150/2150/534 2151/2151/534
f 2152/2152/535 2153/2153/535 2154/2154/535
f 2152/2152/535 2154/2154/535 2155/2155/535
f 2156/2156/536 2157/2157/536 2158/2158/536
f 2159/2159/534 2160/2160/534 2161/2161/534
f 2162/2162/537 2163/2163/537 2164/2164/537
f 2162/2162/537 2164/2164/537 2165/2165/537
f 2166/2166/538 2167/2167/538 2168/2168/538
f 2169/2169/534 2170/2170/534 2171/2171/534
f 2172/2172/539 2173/2173/539 2174/2174/539
f 2172/2172/539 2174/2174/539 2175/2175/539
f 2176/2176/540 2177/2177/540 2178/2178/540
f 2179/2179/534 2180/2180/534 2181/2181/534
f 2182/2182/541 2183/2183/541 2184/2184/541
f 2182/2182/541 2184/2184/541 2185/2185/541
f 2186/2186/542 2187/2187/542 2188/2188/542
f 2189/2189/534 2190/2190/534 2191/2191/534
f 2192/2192/543 2193/2193/543 2194/2194/543
f 2192/2192/543 2194/2194/543 2195/2195/543
f 2196/2196/544 2197/2197/544 2198/2198/544
f 2199/2199/534 2200/2200/534 2201/2201/534
f 2202/2202/545 2203/2203/545 2204/2204/545
f 2202/2202/545 2204/2204/545 2205/2205/545
f 2206/2206/546 2207/2207/546 2208/2208/546
f 2209/2209/534 2210/2210/534 2211/2211/534
f 2212/2212/547 2213/2213/547 2214/2214/547
f 2212/2212/547 2214/2214/547 2215/2215/547
f 2216/2216/548 2217/2217/548 2218/2218/548
f 2219/2219/534 2220/2220/534 2221/2221/534
f 2222/2222/549 2223/2223/549 2224/2224/549
f 2222/2222/549 2224/2224/549 2225/2225/549
f 2226/2226/550 2227/2227/550 2228/2228/550
f 2229/2229/534 2230/2230/534 2231/2231/534
f 2232/2232/551 2233/2233/551 2234/2234/551
f 2232/2232/551 2234/2234/551 2235/2235/551
f 2236/2236/552 2237/2237/552 2238/2238/552
f 2239/2239/534 2240/2240/534 2241/2241/534
f 2242/2242/553 2243/2243/553 2244/2244/553
f 2242/2242/553 2244/2244/553 2245/2245/553
f 2246/2246/554 2247/2247/554 2248/2248/554
f 2249/2249/534 2250/2250/534 2251/2251/534
f 2252/2252/555 2253/2253/555 2254/2254/555
f 2252/2252/555 2254/2254/555 2255/2255/555
f 2256/2256/556 2257/2257/556 2258/2258/556
f 2259/2259/534 2260/2260/534 2261/2261/534
f 2262/2262/557 2263/2263/557 2264/2264/557
f 2262/2262/557 2264/2264/557 2265/2265/557
f 2266/2266/558 2267/2267/558 2268/2268/558
f 2269/2269/559 2270/2270/559 2271/2271/559
f 2269/2269/559 2271/2271/559 2272/2272/559
f 2273/2273/560 2274/2274/560 2275/2275/560
f 2273/2273/560 2275/2275/560 2276/2276/560
f 2277/2277/561 2278/2278/561 2279/2279/561
f 2277/2277/561 2279/2279/561 2280/2280/561
f 2281/2281/562 2282/2282/562 2283/2283/562
f 2281/2281/562 2283/2283/562 2284/2284/562
f 2285/2285/563 2286/2286/563 2287/2287/563
f 2285/2285/563 2287/2287/563 2288/2288/563
f 2289/2289/564 2290/2290/564 2291/2291/564
f 2289/2289/564 2291/2291/564 2292/2292/564
f 2293/2293/565 2294/2294/565 2295/2295/565
f 2293/2293/565 2295/2295/565 2296/2296/565
f 2297/2297/566 2298/2298/566 2299/2299/566
f 2297/2297/566 2299/2299/566 2300/2300/566
f 2301/2301/567 2302/2302/567 2303/2303/567
f 2301/2301/567 2303/2303/567 2304/2304/567
f 2305/2305/568 2306/2306/568 2307/2307/568
f 2305/2305/568 2307/2307/568 2308/2308/568
f 2309/2309/569 2310/2310/569 2311/2311/569
f 2309/2309/569 2311/2311/569 2312/2312/569
f 2313/2313/570 2314/2314/570 2315/2315/570
f 2313/2313/570 2315/2315/570 2316/2316/570
f 2317/2317/571 2318/2318/571 2319/2319/571
f 2317/2317/571 2319/2319/571 2320/2320/571
f 2321/2321/534 2322/2322/534 2323/2323/534
f 2321/2321/534 2323/2323/534 2324/2324/534
f 2325/2325/571 2326/2326/571 2327/2327/571
f 2325/2325/571 2327/2327/571 2328/2328/571
f 2329/2329/534 2330/2330/534 2331/2331/534
f 2329/2329/534 2331/2331/534 2332/2332/534
f 2333/2333/571 2334/2334/571 2335/2335/571
f 2333/2333/571 2335/2335/571 2336/2336/571
f 2337/2337/534 2338/2338/534 2339/2339/534
f 2337/2337/534 2339/2339/534 2340/2340/534
f 2341/2341/571 2342/2342/571 2343/2343/571
f 2341/2341/571 2343/2343/571 2344/2344/571
f 2345/2345/534 2346/2346/534 2347/2347/534
f 2345/2345/534 2347/2347/534 2348/2348/534
f 2349/2349/571 2350/2350/571 2351/2351/571
f 2349/2349/571 2351/2351/571 2352/2352/571
f 2353/2353/534 2354/2354/534 2355/2355/534
f 2353/2353/534 2355/2355/534 2356/2356/534
f 2357/2357/571 2358/2358/571 2359/2359/571
f 2357/2357/571 2359/2359/571 2360/2360/571
f 2361/2361/534 2362/2362/534 2363/2363/534
f 2361/2361/534 2363/2363/534 2364/2364/534
f 2365/2365/571 2366/2366/571 2367/2367/571
f 2365/2365/571 2367/2367/571 2368/2368/571
f 2369/2369/534 2370/2370/534 2371/2371/534
f 2369/2369/534 2371/2371/534 2372/2372/534
f 2373/2373/571 2374/2374/571 2375/2375/571
f 2373/2373/571 2375/2375/571 2376/2376/571
f 2377/2377/534 2378/2378/534 2379/2379/534
f 2377/2377/534 2379/2379/534 2380/2380/534
f 2381/2381/571 2382/2382/571 2383/2383/571
f 2381/2381/571 2383/2383/571 2384/2384/571
f 2385/2385/534 2386/2386/534 2387/2387/534
f 2385/2385/534 2387/2387/534 2388/2388/534
f 2389/2389/571 2390/2390/571 2391/2391/571
f 2389/2389/571 2391/2391/571 2392/2392/571
f 2393/2393/534 2394/2394/534 2395/2395/534
f 2393/2393/534 2395/2395/534 2396/2396/534
f 2397/2397/571 2398/2398/571 2399/2399/571
f 2397/2397/571 2399/2399/571 2400/2400/571
f 2401/2401/534 2402/2402/534 2403/2403/534
f 2401/2401/534 2403/2403/534 2404/2404/534
f 2405/2405/571 2406/2406/571 2407/2407/571
f 2405/2405/571 2407/2407/571 2408/2408/571
f 2409/2409/534 2410/2410/534 2411/2411/534
f 2409/2409/534 2411/2411/534 2412/2412/534
f 2413/2413/572 2414/2414/572 2415/2415/572
f 2413/2413/572 2415/2415/572 2416/2416/572
f 2417/2417/573 2418/2418/573 2419/2419/573
f 2417/2417/573 2419/2419/573 2420/2420/573
f 2421/2421/574 2422/2422/574 2423/2423/574
f 2421/2421/574 2423/2423/574 2424/2424/574
f 2425/2425/575 2426/2426/575 2427/2427/575
f 2425/2425/575 2427/2427/575 2428/2428/575
f 2429/2429/576 2430/2430/576 2431/2431/576
f 2429/2429/576 2431/2431/576 2432/2432/576
f 2433/2433/567 2434/2434/567 2435/2435/567
f 2433/2433/567 2435/2435/567 2436/2436/567
f 2437/2437/577 2438/2438/577 2439/2439/577
f 2437/2437/577 2439/2439/577 2440/2440/577
f 2441/2441/578 2442/2442/578 2443/2443/578
f 2441/2441/578 2443/2443/578 2444/2444/578
f 2445/2445/579 2446/2446/579 2447/2447/579
f 2445/2445/579 2447/2447/579 2448/2448/579
f 2449/2449/580 2450/2450/580 2451/2451/580
f 2449/2449/580 2451/2451/580 2452/2452/580
f 2453/2453/581 2454/2454/581 2455/2455/581
f 2453/2453/581 2455/2455/581 2456/2456/581
f 2457/2457/559 2458/2458/559 2459/2459/559
f 2457/2457/559 2459/2459/559 2460/2460/559
f 2461/2461/582 2462/2462/582 2463/2463/582
f 2461/2461/582 2463/2463/582 2464/2464/582
f 2465/2465/583 2466/2466/583 2467/2467/583
f 2465/2465/583 2467/2467/583 2468/2468/583
f 2469/2469/584 2470/2470/584 2471/2471/584
f 2469/2469/584 2471/2471/584 2472/2472/584
f 2473/2473/585 2474/2474/585 2475/2475/585
f 2473/2473/585 2475/2475/585 2476/2476/585
f 2477/2477/586 2478/2478/586 2479/2479/586
f 2477/2477/586 2479/2479/586 2480/2480/586
f 2481/2481/562 2482/2482/562 2483/2483/562
f 2481/2481/562 2483/2483/562 2484/2484/562
f 2485/2485/587 2486/2486/587 2487/2487/587
f 2485/2485/587 2487/2487/587 2488/2488/587
f 2489/2489/588 2490/2490/588 2491/2491/588
f 2489/2489/588 2491/2491/588 2492/2492/588
f 2493/2493/589 2494/2494/589 2495/2495/589
f 2493/2493/589 2495/2495/589 2496/2496/589
f 2497/2497/590 2498/2498/590 2499/2499/590
f 2497/2497/590 2499/2499/590 2500/2500/590
f 2501/2501/591 2502/2502/591 2503/2503/591
f 2501/2501/591 2503/2503/591 2504/2504/591
f 2505/2505/565 2506/2506/565 2507/2507/565
f 2505/2505/565 2507/2507/565 2508/2508/565
f 2509/2509/592 2510/2510/592 2511/2511/592
f 2509/2509/592 2511/2511/592 2512/2512/592
f 2513/2513/593 2514/2514/593 2515/2515/593
f 2513/2513/593 2515/2515/593 2516/2516/593
f 2517/2517/594 2518/2518/594 2519/2519/594
f 2517/2517/594 2519/2519/594 2520/2520/594
f 2521/2521/595 2522/2522/595 2523/2523/595
f 2521/2521/595 2523/2523/595 2524/2524/595
f 2525/2525/596 2526/2526/596 2527/2527/596
f 2525/2525/596 2527/2527/596 2528/2528/596
f 2529/2529/597 2530/2530/597 2531/2531/597
f 2529/2529/597 2531/2531/597 2532/2532/597
f 2533/2533/598 2534/2534/598 2535/2535/598
f 2533/2533/598 2535/2535/598 2536/2536/598
f 2537/2537/599 2538/2538/599 2539/2539/599
f 2537/2537/599 2539/2539/599 2540/2540/599
f 2541/2541/600 2542/2542/600 2543/2543/600
f 2541/2541/600 2543/2543/600 2544/2544/600
f 2545/2545/601 2546/2546/601 2547/2547/601
f 2545/2545/601 2547/2547/601 2548/2548/601
f 2549/2549/602 2550/2550/602 2551/2551/602
f 2549/2549/602 2551/2551/602 2552/2552/602
f 2553/2553/603 2554/2554/603 2555/2555/603
f 2553/2553/603 2555/2555/603 2556/2556/603
# Vertices: 408, normals: 70, texture coordinates: 408, faces: 192

o obj24
v 0.17157437 0 0.17157437
v 0.06280062 0 0.234375
v 0 0 0
v 0.0669875 0.03125 0.25
v 0.1830125 0.03125 0.1830125
v 0.22876562 0.1875 0.22876562
v 0.08373438 0.1875 0.3125
v 0.07536063 0.234375 0.28125
v 0.20588937 0.234375 0.20588937
v 0 0.28125 0
v 0.234375 0 0.06280062
v 0.17157437 0 0.17157437
v 0 0 0
v 0.1830125 0.03125 0.1830125
v 0.25 0.03125 0.0669875
v 0.3125 0.1875 0.08373438
v 0.22876562 0.1875 0.22876562
v 0.20588937 0.234375 0.20588937
v 0.28125 0.234375 0.07536063
v 0 0.28125 0
v 0.234375 0 -0.06280062
v 0.234375 0 0.06280062
v 0 0 0
v 0.25 0.03125 0.0669875
v 0.25 0.03125 -0.0669875
v 0.3125 0.1875 -0.08373438
v 0.3125 0.1875 0.08373438
v 0.28125 0.234375 0.07536063
v 0.28125 0.234375 -0.07536063
v 0 0.28125 0
v 0.17157437 0 -0.17157437
v 0.234375 0 -0.06280062
v 0 0 0
v 0.25 0.03125 -0.0669875
v 0.1830125 0.03125 -0.1830125
v 0.22876562 0.1875 -0.22876562
v 0.3125 0.1875 -0.08373438
v 0.28125 0.234375 -0.07536063
v 0.20588937 0.234375 -0.20588937
v 0 0.28125 0
v 0.06280062 0 -0.234375
v 0.17157437 0 -0.17157437
v 0 0 0
v 0.1830125 0.03125 -0.1830125
v 0.0669875 0.03125 -0.25
v 0.08373438 0.1875 -0.3125
v 0.22876562 0.1875 -0.22876562
v 0.20588937 0.234375 -0.20588937
v 0.07536063 0.234375 -0.28125
v 0 0.28125 0
v -0.06280062 0 -0.234375
v 0.06280062 0 -0.234375
v 0 0 0
v 0.0669875 0.03125 -0.25
v -0.0669875 0.03125 -0.25
v -0.08373438 0.1875 -0.3125
v 0.08373438 0.1875 -0.3125
v 0.07536063 0.234375 -0.28125
v -0.07536063 0.234375 -0.28125
v 0 0.28125 0
v -0.17157437 0 -0.17157437
v -0.06280062 0 -0.234375
v 0 0 0
v -0.0669875 0.03125 -0.25
v -0.1830125 0.03125 -0.1830125
v -0.22876562 0.1875 -0.22876562
v -0.08373438 0.1875 -0.3125
v -0.07536063 0.234375 -0.28125
v -0.20588937 0.234375 -0.20588937
v 0 0.28125 0
v -0.234375 0 -0.06280062
v -0.17157437 0 -0.17157437
v 0 0 0
v -0.1830125 0.03125 -0.1830125
v -0.25 0.03125 -0.0669875
v -0.3125 0.1875 -0.08373438
v -0.22876562 0.1875 -0.22876562
v -0.20588937 0.234375 -0.20588937
v -0.28125 0.234375 -0.07536063
v 0 0.28125 0
v -0.234375 0 0.06280062
v -0.234375 0 -0.06280062
v 0 0 0
v -0.25 0.03125 -0.0669875
v -0.25 0.03125 0.0669875
v -0.3125 0.1875 0.08373438
v -0.3125 0.1875 -0.08373438
v -0.28125 0.234375 -0.07536063
v -0.28125 0.234375 0.07536063
v 0 0.28125 0
v -0.17157437 0 0.17157437
v -0.234375 0 0.06280062
v 0 0 0
v -0.25 0.03125 0.0669875
v -0.1830125 0.03125 0.1830125
v -0.22876562 0.1875 0.22876562
v -0.3125 0.1875 0.08373438
v -0.28125 0.234375 0.07536063
v -0.20588937 0.234375 0.20588937
v 0 0.28125 0
v -0.06280062 0 0.234375
v -0.17157437 0 0.17157437
v 0 0 0
v -0.1830125 0.03125 0.1830125
v -0.0669875 0.03125 0.25
v -0.08373438 0.1875 0.3125
v -0.22876562 0.1875 0.22876562
v -0.20588937 0.234375 0.20588937
v -0.07536063 0.234375 0.28125
v 0 0.28125 0
v 0.06280062 0 0.234375
v -0.06280062 0 0.234375
v 0 0 0
v -0.0669875 0.03125 0.25
v 0.0669875 0.03125 0.25
v 0.08373438 0.1875 0.3125
v -0.08373438 0.1875 0.3125
v -0.07536063 0.234375 0.28125
v 0.07536063 0.234375 0.28125
v 0 0.28125 0
v 0.09098563 0.25 0.33956313
v -0.09098563 0.25 0.33956313
v -0.09098563 0.1875 0.33956313
v 0.09098563 0.1875 0.33956313
v 0.24857751 0.25 0.24857751
v 0.09098563 0.25 0.33956313
v 0.09098563 0.1875 0.33956313
v 0.24857751 0.1875 0.24857751
v 0.33956313 0.25 0.09098563
v 0.24857751 0.25 0.24857751
v 0.24857751 0.1875 0.24857751
v 0.33956313 0.1875 0.09098563
v 0.33956313 0.25 -0.09098563
v 0.33956313 0.25 0.09098563
v 0.33956313 0.1875 0.09098563
v 0.33956313 0.1875 -0.09098563
v 0.24857751 0.25 -0.24857751
v 0.33956313 0.25 -0.09098563
v 0.33956313 0.1875 -0.09098563
v 0.24857751 0.1875 -0.24857751
v 0.09098563 0.25 -0.33956313
v 0.24857751 0.25 -0.24857751
v 0.24857751 0.1875 -0.24857751
v 0.09098563 0.1875 -0.33956313
v -0.09098563 0.25 -0.33956313
v 0.09098563 0.25 -0.33956313
v 0.09098563 0.1875 -0.33956313
v -0.09098563 0.1875 -0.33956313
v -0.24857751 0.25 -0.24857751
v -0.09098563 0.25 -0.33956313
v -0.09098563 0.1875 -0.33956313
v -0.24857751 0.1875 -0.24857751
v -0.33956313 0.25 0.09098563
v -0.33956313 0.25 -0.09098563
v -0.33956313 0.1875 -0.09098563
v -0.33956313 0.1875 0.09098563
v -0.09098563 0.25 0.33956313
v -0.24857751 0.25 0.24857751
v -0.24857751 0.1875 0.24857751
v -0.09098563 0.1875 0.33956313
v -0.24857751 0.25 0.24857751
v -0.33956313 0.25 0.09098563
v -0.33956313 0.1875 0.09098563
v -0.24857751 0.1875 0.24857751
v -0.33956313 0.25 -0.09098563
v -0.24857751 0.25 -0.24857751
v -0.24857751 0.1875 -0.24857751
v -0.33956313 0.1875 -0.09098563
v 0.08679875 0.3125 -0.32393813
v -0.08679875 0.3125 -0.32393813
v -0.07536063 0.3125 -0.28125
v 0.07536063 0.3125 -0.28125
v -0.09098563 0.1875 -0.33956313
v 0.09098563 0.1875 -0.33956313
v 0.08373438 0.1875 -0.3125
v -0.08373438 0.1875 -0.3125
v 0.23713937 0.3125 -0.23713937
v 0.08679875 0.3125 -0.32393813
v 0.07536063 0.3125 -0.28125
v 0.20588937 0.3125 -0.20588937
v 0.09098563 0.1875 -0.33956313
v 0.24857751 0.1875 -0.24857751
v 0.22876562 0.1875 -0.22876562
v 0.08373438 0.1875 -0.3125
v 0.32393813 0.3125 -0.08679875
v 0.23713937 0.3125 -0.23713937
v 0.20588937 0.3125 -0.20588937
v 0.28125 0.3125 -0.07536063
v 0.24857751 0.1875 -0.24857751
v 0.33956313 0.1875 -0.09098563
v 0.3125 0.1875 -0.08373438
v 0.22876562 0.1875 -0.22876562
v 0.32393813 0.3125 0.08679875
v 0.32393813 0.3125 -0.08679875
v 0.28125 0.3125 -0.07536063
v 0.28125 0.3125 0.07536063
v 0.33956313 0.1875 -0.09098563
v 0.33956313 0.1875 0.09098563
v 0.3125 0.1875 0.08373438
v 0.3125 0.1875 -0.08373438
v 0.23713937 0.3125 0.23713937
v 0.32393813 0.3125 0.08679875
v 0.28125 0.3125 0.07536063
v 0.20588937 0.3125 0.20588937
v 0.33956313 0.1875 0.09098563
v 0.24857751 0.1875 0.24857751
v 0.22876562 0.1875 0.22876562
v 0.3125 0.1875 0.08373438
v -0.08679875 0.3125 -0.32393813
v -0.23713937 0.3125 -0.23713937
v -0.20588937 0.3125 -0.20588937
v -0.07536063 0.3125 -0.28125
v -0.24857751 0.1875 -0.24857751
v -0.09098563 0.1875 -0.33956313
v -0.08373438 0.1875 -0.3125
v -0.22876562 0.1875 -0.22876562
v -0.23713937 0.3125 -0.23713937
v -0.32393813 0.3125 -0.08679875
v -0.28125 0.3125 -0.07536063
v -0.20588937 0.3125 -0.20588937
v -0.33956313 0.1875 -0.09098563
v -0.24857751 0.1875 -0.24857751
v -0.22876562 0.1875 -0.22876562
v -0.3125 0.1875 -0.08373438
v -0.32393813 0.3125 -0.08679875
v -0.32393813 0.3125 0.08679875
v -0.28125 0.3125 0.07536063
v -0.28125 0.3125 -0.07536063
v -0.33956313 0.1875 0.09098563
v -0.33956313 0.1875 -0.09098563
v -0.3125 0.1875 -0.08373438
v -0.3125 0.1875 0.08373438
v -0.32393813 0.3125 0.08679875
v -0.23713937 0.3125 0.23713937
v -0.20588937 0.3125 0.20588937
v -0.28125 0.3125 0.07536063
v -0.24857751 0.1875 0.24857751
v -0.33956313 0.1875 0.09098563
v -0.3125 0.1875 0.08373438
v -0.22876562 0.1875 0.22876562
v -0.23713937 0.3125 0.23713937
v -0.08679875 0.3125 0.32393813
v -0.07536063 0.3125 0.28125
v -0.20588937 0.3125 0.20588937
v -0.09098563 0.1875 0.33956313
v -0.24857751 0.1875 0.24857751
v -0.22876562 0.1875 0.22876562
v -0.08373438 0.1875 0.3125
v -0.08679875 0.3125 0.32393813
v 0.08679875 0.3125 0.32393813
v 0.07536063 0.3125 0.28125
v -0.07536063 0.3125 0.28125
v 0.09098563 0.1875 0.33956313
v -0.09098563 0.1875 0.33956313
v -0.08373438 0.1875 0.3125
v 0.08373438 0.1875 0.3125
v 0.08679875 0.3125 0.32393813
v 0.23713937 0.3125 0.23713937
v 0.20588937 0.3125 0.20588937
v 0.07536063 0.3125 0.28125
v 0.24857751 0.1875 0.24857751
v 0.09098563 0.1875 0.33956313
v 0.08373438 0.1875 0.3125
v 0.22876562 0.1875 0.22876562
v 0.23713937 0.3125 0.23713937
v 0.08679875 0.3125 0.32393813
v 0.09098563 0.25 0.33956313
v 0.24857751 0.25 0.24857751
v 0.07536063 0.3125 0.28125
v 0.20588937 0.3125 0.20588937
v 0.20588937 0.234375 0.20588937
v 0.07536063 0.234375 0.28125
v 0.32393813 0.3125 0.08679875
v 0.23713937 0.3125 0.23713937
v 0.24857751 0.25 0.24857751
v 0.33956313 0.25 0.09098563
v 0.20588937 0.3125 0.20588937
v 0.28125 0.3125 0.07536063
v 0.28125 0.234375 0.07536063
v 0.20588937 0.234375 0.20588937
v 0.32393813 0.3125 -0.08679875
v 0.32393813 0.3125 0.08679875
v 0.33956313 0.25 0.09098563
v 0.33956313 0.25 -0.09098563
v 0.28125 0.3125 0.07536063
v 0.28125 0.3125 -0.07536063
v 0.28125 0.234375 -0.07536063
v 0.28125 0.234375 0.07536063
v 0.23713937 0.3125 -0.23713937
v 0.32393813 0.3125 -0.08679875
v 0.33956313 0.25 -0.09098563
v 0.24857751 0.25 -0.24857751
v 0.28125 0.3125 -0.07536063
v 0.20588937 0.3125 -0.20588937
v 0.20588937 0.234375 -0.20588937
v 0.28125 0.234375 -0.07536063
v 0.08679875 0.3125 -0.32393813
v 0.23713937 0.3125 -0.23713937
v 0.24857751 0.25 -0.24857751
v 0.09098563 0.25 -0.33956313
v 0.20588937 0.3125 -0.20588937
v 0.07536063 0.3125 -0.28125
v 0.07536063 0.234375 -0.28125
v 0.20588937 0.234375 -0.20588937
v -0.08679875 0.3125 -0.32393813
v 0.08679875 0.3125 -0.32393813
v 0.09098563 0.25 -0.33956313
v -0.09098563 0.25 -0.33956313
v 0.07536063 0.3125 -0.28125
v -0.07536063 0.3125 -0.28125
v -0.07536063 0.234375 -0.28125
v 0.07536063 0.234375 -0.28125
v -0.23713937 0.3125 -0.23713937
v -0.08679875 0.3125 -0.32393813
v -0.09098563 0.25 -0.33956313
v -0.24857751 0.25 -0.24857751
v -0.07536063 0.3125 -0.28125
v -0.20588937 0.3125 -0.20588937
v -0.20588937 0.234375 -0.20588937
v -0.07536063 0.234375 -0.28125
v -0.32393813 0.3125 -0.08679875
v -0.23713937 0.3125 -0.23713937
v -0.24857751 0.25 -0.24857751
v -0.33956313 0.25 -0.09098563
v -0.20588937 0.3125 -0.20588937
v -0.28125 0.3125 -0.07536063
v -0.28125 0.234375 -0.07536063
v -0.20588937 0.234375 -0.20588937
v -0.32393813 0.3125 0.08679875
v -0.32393813 0.3125 -0.08679875
v -0.33956313 0.25 -0.09098563
v -0.33956313 0.25 0.09098563
v -0.28125 0.3125 -0.07536063
v -0.28125 0.3125 0.07536063
v -0.28125 0.234375 0.07536063
v -0.28125 0.234375 -0.07536063
v -0.23713937 0.3125 0.23713937
v -0.32393813 0.3125 0.08679875
v -0.33956313 0.25 0.09098563
v -0.24857751 0.25 0.24857751
v -0.28125 0.3125 0.07536063
v -0.20588937 0.3125 0.20588937
v -0.20588937 0.234375 0.20588937
v -0.28125 0.234375 0.07536063
v -0.08679875 0.3125 0.32393813
v -0.23713937 0.3125 0.23713937
v -0.24857751 0.25 0.24857751
v -0.09098563 0.25 0.33956313
v -0.20588937 0.3125 0.20588937
v -0.07536063 0.3125 0.28125
v -0.07536063 0.234375 0.28125
v -0.20588937 0.234375 0.20588937
v 0.08679875 0.3125 0.32393813
v -0.08679875 0.3125 0.32393813
v -0.09098563 0.25 0.33956313
v 0.09098563 0.25 0.33956313
v -0.07536063 0.3125 0.28125
v 0.07536063 0.3125 0.28125
v 0.07536063 0.234375 0.28125
v -0.07536063 0.234375 0.28125
v -0.06280062 0 -0.234375
v -0.17157437 0 -0.17157437
v -0.1830125 0.03125 -0.1830125
v -0.0669875 0.03125 -0.25
v 0.06280062 0 -0.234375
v -0.06280062 0 -0.234375
v -0.0669875 0.03125 -0.25
v 0.0669875 0.03125 -0.25
v 0.17157437 0 -0.17157437
v 0.06280062 0 -0.234375
v 0.0669875 0.03125 -0.25
v 0.1830125 0.03125 -0.1830125
v 0.234375 0 -0.06280062
v 0.17157437 0 -0.17157437
v 0.1830125 0.03125 -0.1830125
v 0.25 0.03125 -0.0669875
v 0.234375 0 0.06280062
v 0.234375 0 -0.06280062
v 0.25 0.03125 -0.0669875
v 0.25 0.03125 0.0669875
v 0.17157437 0 0.17157437
v 0.234375 0 0.06280062
v 0.25 0.03125 0.0669875
v 0.1830125 0.03125 0.1830125
v 0.06280062 0 0.234375
v 0.17157437 0 0.17157437
v 0.1830125 0.03125 0.1830125
v 0.0669875 0.03125 0.25
v -0.17157437 0 0.17157437
v -0.06280062 0 0.234375
v -0.0669875 0.03125 0.25
v -0.1830125 0.03125 0.1830125
v -0.06280062 0 0.234375
v 0.06280062 0 0.234375
v 0.0669875 0.03125 0.25
v -0.0669875 0.03125 0.25
v -0.234375 0 0.06280062
v -0.17157437 0 0.17157437
v -0.1830125 0.03125 0.1830125
v -0.25 0.03125 0.0669875
v -0.234375 0 -0.06280062
v -0.234375 0 0.06280062
v -0.25 0.03125 0.0669875
v -0.25 0.03125 -0.0669875
v -0.17157437 0 -0.17157437
v -0.234375 0 -0.06280062
v -0.25 0.03125 -0.0669875
v -0.1830125 0.03125 -0.1830125
vn -0 -1 0
vn 0.46424 -0.37139 0.80408
vn 0.0822 0.98639 0.14237
vn 0.80408 -0.37139 0.46424
vn 0.14237 0.98639 0.0822
vn 0.92848 -0.37139 0
vn 0.1644 0.98639 0
vn 0.80408 -0.37139 -0.46424
vn 0.14237 0.98639 -0.0822
vn 0.46424 -0.37139 -0.80408
vn 0.0822 0.98639 -0.14237
vn 0 -0.37139 -0.92848
vn 0 0.98639 -0.1644
vn -0.46424 -0.37139 -0.80408
vn -0.0822 0.98639 -0.14237
vn -0.80408 -0.37139 -0.46424
vn -0.14237 0.98639 -0.0822
vn -0.92848 -0.37139 0
vn -0.1644 0.98639 0
vn -0.80408 -0.37139 0.46424
vn -0.14237 0.98639 0.0822
vn -0.46424 -0.37139 0.80408
vn -0.0822 0.98639 0.14237
vn 0 -0.37139 0.92848
vn -0 0.98639 0.1644
vn 0 0 1
vn 0.5 0 0.86603
vn 0.86603 0 0.5
vn 1 0 0
vn 0.86603 0 -0.5
vn 0.5 0 -0.86603
vn 0 0 -1
vn -0.5 0 -0.86603
vn -1 0 0
vn -0.5 0 0.86603
vn -0.86603 0 0.5
vn -0.86603 0 -0.5
vn 0 1 0
vn 0.48507 0.24254 0.84017
vn -0.5 0 -0.86603
vn 0.84017 0.24253 0.48507
vn -0.86603 0 -0.5
vn 0.97014 0.24254 0
vn 0.84017 0.24254 -0.48507
vn -0.86603 0 0.5
vn 0.48507 0.24253 -0.84017
vn -0.5 0 0.86603
vn 0 0.24254 -0.97014
vn -0.48507 0.24254 -0.84017
vn 0.5 0 0.86603
vn -0.84017 0.24253 -0.48507
vn 0.86603 0 0.5
vn -0.97014 0.24254 0
vn -0.84017 0.24254 0.48507
vn 0.86603 0 -0.5
vn -0.48507 0.24253 0.84017
vn 0.5 0 -0.86603
vn 0 0.24254 0.97014
vn -0.44722 -0.44721 -0.7746
vn 0 -0.44721 -0.89443
vn 0.44721 -0.44722 -0.7746
vn 0.7746 -0.44721 -0.44722
vn 0.89443 -0.44721 0
vn 0.7746 -0.44722 0.44721
vn 0.44722 -0.44721 0.7746
vn -0.44721 -0.44722 0.7746
vn 0 -0.44721 0.89443
vn -0.7746 -0.44721 0.44722
vn -0.89443 -0.44721 0
vn -0.7746 -0.44722 -0.44721
vt 0.20018 0.59251
vt 0.14904 0.62203
vt 0.11869 0.51041
vt 0.52013 0.22119
vt 0.58363 0.22119
vt 0.59175 0.31026
vt 0.51202 0.31026
vt 0.55376 0.72172
vt 0.61577 0.75752
vt 0.51713 0.85678
vt 0.23141 0.53966
vt 0.20188 0.59081
vt 0.11979 0.50931
vt 0.67638 0.50244
vt 0.73988 0.50244
vt 0.748 0.59151
vt 0.66827 0.59151
vt 0.61748 0.75923
vt 0.65328 0.82124
vt 0.51822 0.85787
vt 0.23203 0.47829
vt 0.23203 0.53734
vt 0.12019 0.50781
vt 0.64012 0.28369
vt 0.70363 0.28369
vt 0.71174 0.37276
vt 0.63201 0.37276
vt 0.65391 0.82357
vt 0.65391 0.89518
vt 0.51863 0.85938
vt 0.20188 0.42482
vt 0.23141 0.47596
vt 0.11979 0.50631
vt 0.69762 0.90869
vt 0.76112 0.90869
vt 0.76923 0.99776
vt 0.6895 0.99776
vt 0.65328 0.89751
vt 0.61748 0.95952
vt 0.51822 0.86088
vt 0.14904 0.39359
vt 0.20018 0.42312
vt 0.11869 0.50521
vt 0.38512 0.22119
vt 0.44862 0.22119
vt 0.45673 0.31026
vt 0.377 0.31026
vt 0.61577 0.96123
vt 0.55376 0.99703
vt 0.51713 0.86197
vt 0.08766 0.39297
vt 0.14671 0.39297
vt 0.11719 0.50481
vt 0.39012 0.50244
vt 0.45363 0.50244
vt 0.46174 0.59151
vt 0.38201 0.59151
vt 0.55143 0.99766
vt 0.47982 0.99766
vt 0.51562 0.86238
vt 0.03419 0.42312
vt 0.08534 0.39359
vt 0.11569 0.50521
vt 0.70763 0.78369
vt 0.77113 0.78369
vt 0.77925 0.87276
vt 0.69952 0.87276
vt 0.47749 0.99703
vt 0.41548 0.96123
vt 0.51412 0.86197
vt 0.00297 0.47596
vt 0.03249 0.42482
vt 0.11459 0.50631
vt 0.67638 0.62744
vt 0.73988 0.62744
vt 0.748 0.71651
vt 0.66827 0.71651
vt 0.41377 0.95952
vt 0.37797 0.89751
vt 0.51303 0.86088
vt 0.00234 0.53734
vt 0.00234 0.47829
vt 0.11419 0.50781
vt 0.01512 0.25244
vt 0.07863 0.25244
vt 0.08674 0.34151
vt 0.00701 0.34151
vt 0.37734 0.89518
vt 0.37734 0.82357
vt 0.51262 0.85938
vt 0.03249 0.59081
vt 0.00297 0.53966
vt 0.11459 0.50931
vt 0.13512 0.25244
vt 0.19862 0.25244
vt 0.20673 0.34151
vt 0.127 0.34151
vt 0.37797 0.82124
vt 0.41377 0.75923
vt 0.51303 0.85787
vt 0.08534 0.62203
vt 0.03419 0.59251
vt 0.11569 0.51041
vt 0.26012 0.22119
vt 0.32362 0.22119
vt 0.33173 0.31026
vt 0.252 0.31026
vt 0.41548 0.75752
vt 0.47749 0.72172
vt 0.51412 0.85678
vt 0.14671 0.62266
vt 0.08766 0.62266
vt 0.11719 0.51081
vt 0.10887 0.78369
vt 0.17238 0.78369
vt 0.18049 0.87276
vt 0.10076 0.87276
vt 0.47982 0.72109
vt 0.55143 0.72109
vt 0.51562 0.85637
vt 0.74578 0.43653
vt 0.66047 0.43653
vt 0.66047 0.40722
vt 0.74578 0.40722
vt 0.87216 0.43653
vt 0.78685 0.43653
vt 0.78685 0.40722
vt 0.87216 0.40722
vt 0.87216 0.62403
vt 0.78685 0.62403
vt 0.78685 0.59472
vt 0.87216 0.59472
vt 0.71453 0.21778
vt 0.62922 0.21778
vt 0.62922 0.18847
vt 0.71453 0.18847
vt 0.8694 0.71778
vt 0.78409 0.71778
vt 0.78409 0.68847
vt 0.8694 0.68847
vt 0.90065 0.96778
vt 0.81534 0.96778
vt 0.81534 0.93847
vt 0.90065 0.93847
vt 0.83953 0.24903
vt 0.75422 0.24903
vt 0.75422 0.21972
vt 0.83953 0.21972
vt 0.87216 0.53028
vt 0.78685 0.53028
vt 0.78685 0.50097
vt 0.87216 0.50097
vt 0.83953 0.34278
vt 0.75422 0.34278
vt 0.75422 0.31347
vt 0.83953 0.31347
vt 0.90065 0.87403
vt 0.81534 0.87403
vt 0.81534 0.84472
vt 0.90065 0.84472
vt 0.08815 0.18653
vt 0.00284 0.18653
vt 0.00284 0.15722
vt 0.08815 0.15722
vt 0.21591 0.18653
vt 0.1306 0.18653
vt 0.1306 0.15722
vt 0.21591 0.15722
vt 0.21451 0.99909
vt 0.12924 0.99909
vt 0.13699 0.97193
vt 0.20676 0.97193
vt 0.4106 0.34419
vt 0.49565 0.34419
vt 0.49203 0.3568
vt 0.41422 0.3568
vt 0.29323 0.95514
vt 0.21939 0.99778
vt 0.21252 0.97038
vt 0.27294 0.9355
vt 0.50097 0.34562
vt 0.57462 0.38814
vt 0.56518 0.39725
vt 0.49779 0.35835
vt 0.33944 0.87773
vt 0.2968 0.95157
vt 0.27716 0.93128
vt 0.31204 0.87086
vt 0.57851 0.39203
vt 0.62104 0.46569
vt 0.60831 0.46886
vt 0.5694 0.40147
vt 0.34074 0.78758
vt 0.34074 0.87286
vt 0.31358 0.8651
vt 0.31358 0.79533
vt 0.62247 0.471
vt 0.62247 0.55606
vt 0.60985 0.55244
vt 0.60985 0.47463
vt 0.2968 0.70886
vt 0.33944 0.78271
vt 0.31204 0.78957
vt 0.27716 0.72916
vt 0.62104 0.56137
vt 0.57851 0.63503
vt 0.5694 0.62559
vt 0.60831 0.5582
vt 0.12436 0.99778
vt 0.05052 0.95514
vt 0.07081 0.9355
vt 0.13123 0.97038
vt 0.33163 0.38814
vt 0.40528 0.34562
vt 0.40846 0.35835
vt 0.34107 0.39725
vt 0.04695 0.95157
vt 0.00431 0.87773
vt 0.03171 0.87086
vt 0.06659 0.93128
vt 0.28521 0.46569
vt 0.32774 0.39203
vt 0.33685 0.40147
vt 0.29794 0.46886
vt 0.00301 0.87286
vt 0.00301 0.78758
vt 0.03017 0.79533
vt 0.03017 0.8651
vt 0.28378 0.55606
vt 0.28378 0.471
vt 0.2964 0.47463
vt 0.2964 0.55244
vt 0.00431 0.78271
vt 0.04695 0.70886
vt 0.06659 0.72916
vt 0.03171 0.78957
vt 0.32774 0.63503
vt 0.28521 0.56137
vt 0.29794 0.5582
vt 0.33685 0.62559
vt 0.05052 0.70529
vt 0.12436 0.66266
vt 0.13123 0.69005
vt 0.07081 0.72494
vt 0.40528 0.68145
vt 0.33163 0.63892
vt 0.34107 0.62981
vt 0.40846 0.66872
vt 0.12924 0.66135
vt 0.21451 0.66135
vt 0.20676 0.68851
vt 0.13699 0.68851
vt 0.49565 0.68287
vt 0.4106 0.68287
vt 0.41422 0.67026
vt 0.49203 0.67026
vt 0.21939 0.66266
vt 0.29323 0.70529
vt 0.27294 0.72494
vt 0.21252 0.69005
vt 0.57462 0.63892
vt 0.50097 0.68145
vt 0.49779 0.66872
vt 0.56518 0.62981
vt 0.87216 0.46778
vt 0.78685 0.46778
vt 0.78685 0.43847
vt 0.87216 0.43847
vt 0.96607 0.62366
vt 0.90893 0.62366
vt 0.90893 0.59509
vt 0.96607 0.59509
vt 0.87216 0.65528
vt 0.78685 0.65528
vt 0.78685 0.62597
vt 0.87216 0.62597
vt 0.90357 0.12366
vt 0.84643 0.12366
vt 0.84643 0.09509
vt 0.90357 0.09509
vt 0.71453 0.24903
vt 0.62922 0.24903
vt 0.62922 0.21972
vt 0.71453 0.21972
vt 0.55982 0.52991
vt 0.50268 0.52991
vt 0.50268 0.50134
vt 0.55982 0.50134
vt 0.8694 0.74903
vt 0.78409 0.74903
vt 0.78409 0.71972
vt 0.8694 0.71972
vt 0.96607 0.74866
vt 0.90893 0.74866
vt 0.90893 0.72009
vt 0.96607 0.72009
vt 0.90065 0.99903
vt 0.81534 0.99903
vt 0.81534 0.96972
vt 0.90065 0.96972
vt 0.96607 0.56116
vt 0.90893 0.56116
vt 0.90893 0.53259
vt 0.96607 0.53259
vt 0.83953 0.28028
vt 0.75422 0.28028
vt 0.75422 0.25097
vt 0.83953 0.25097
vt 0.80982 0.12366
vt 0.75268 0.12366
vt 0.75268 0.09509
vt 0.80982 0.09509
vt 0.87216 0.56153
vt 0.78685 0.56153
vt 0.78685 0.53222
vt 0.87216 0.53222
vt 0.96607 0.68616
vt 0.90893 0.68616
vt 0.90893 0.65759
vt 0.96607 0.65759
vt 0.21591 0.21778
vt 0.1306 0.21778
vt 0.1306 0.18847
vt 0.21591 0.18847
vt 0.93482 0.18616
vt 0.87768 0.18616
vt 0.87768 0.15759
vt 0.93482 0.15759
vt 0.83953 0.37403
vt 0.75422 0.37403
vt 0.75422 0.34472
vt 0.83953 0.34472
vt 0.93482 0.31116
vt 0.87768 0.31116
vt 0.87768 0.28259
vt 0.93482 0.28259
vt 0.08815 0.21778
vt 0.00284 0.21778
vt 0.00284 0.18847
vt 0.08815 0.18847
vt 0.93482 0.24866
vt 0.87768 0.24866
vt 0.87768 0.22009
vt 0.93482 0.22009
vt 0.90065 0.90528
vt 0.81534 0.90528
vt 0.81534 0.87597
vt 0.90065 0.87597
vt 0.96607 0.49866
vt 0.90893 0.49866
vt 0.90893 0.47009
vt 0.96607 0.47009
vt 0.74578 0.46778
vt 0.66047 0.46778
vt 0.66047 0.43847
vt 0.74578 0.43847
vt 0.93482 0.37366
vt 0.87768 0.37366
vt 0.87768 0.34509
vt 0.93482 0.34509
vt 0.39092 0.09509
vt 0.44835 0.09509
vt 0.45041 0.12373
vt 0.38886 0.12373
vt 0.82285 0.78259
vt 0.88028 0.78259
vt 0.88234 0.81123
vt 0.82079 0.81123
vt 0.50478 0.09509
vt 0.56221 0.09509
vt 0.56427 0.12373
vt 0.50272 0.12373
vt 0.75478 0.15759
vt 0.81221 0.15759
vt 0.81427 0.18623
vt 0.75272 0.18623
vt 0.26035 0.15759
vt 0.31778 0.15759
vt 0.31984 0.18623
vt 0.25829 0.18623
vt 0.51592 0.15759
vt 0.57335 0.15759
vt 0.57541 0.18623
vt 0.51386 0.18623
vt 0.14092 0.09509
vt 0.19835 0.09509
vt 0.20041 0.12373
vt 0.13886 0.12373
vt 0.25478 0.09509
vt 0.31221 0.09509
vt 0.31427 0.12373
vt 0.25272 0.12373
vt 0.38535 0.43884
vt 0.44278 0.43884
vt 0.44484 0.46748
vt 0.38329 0.46748
vt 0.00478 0.09509
vt 0.06221 0.09509
vt 0.06427 0.12373
vt 0.00272 0.12373
vt 0.38535 0.15759
vt 0.44278 0.15759
vt 0.44484 0.18623
vt 0.38329 0.18623
vt 0.64092 0.12634
vt 0.69835 0.12634
vt 0.70041 0.15498
vt 0.63886 0.15498
usemtl mat4
f 2557/2557/604 2558/2558/604 2559/2559/604
f 2560/2560/605 2561/2561/605 2562/2562/605
f 2560/2560/605 2562/2562/605 2563/2563/605
f 2564/2564/606 2565/2565/606 2566/2566/606
f 2567/2567/604 2568/2568/604 2569/2569/604
f 2570/2570/607 2571/2571/607 2572/2572/607
f 2570/2570/607 2572/2572/607 2573/2573/607
f 2574/2574/608 2575/2575/608 2576/2576/608
f 2577/2577/604 2578/2578/604 2579/2579/604
f 2580/2580/609 2581/2581/609 2582/2582/609
f 2580/2580/609 2582/2582/609 2583/2583/609
f 2584/2584/610 2585/2585/610 2586/2586/610
f 2587/2587/604 2588/2588/604 2589/2589/604
f 2590/2590/611 2591/2591/611 2592/2592/611
f 2590/2590/611 2592/2592/611 2593/2593/611
f 2594/2594/612 2595/2595/612 2596/2596/612
f 2597/2597/604 2598/2598/604 2599/2599/604
f 2600/2600/613 2601/2601/613 2602/2602/613
f 2600/2600/613 2602/2602/613 2603/2603/613
f 2604/2604/614 2605/2605/614 2606/2606/614
f 2607/2607/604 2608/2608/604 2609/2609/604
f 2610/2610/615 2611/2611/615 2612/2612/615
f 2610/2610/615 2612/2612/615 2613/2613/615
f 2614/2614/616 2615/2615/616 2616/2616/616
f 2617/2617/604 2618/2618/604 2619/2619/604
f 2620/2620/617 2621/2621/617 2622/2622/617
f 2620/2620/617 2622/2622/617 2623/2623/617
f 2624/2624/618 2625/2625/618 2626/2626/618
f 2627/2627/604 2628/2628/604 2629/2629/604
f 2630/2630/619 2631/2631/619 2632/2632/619
f 2630/2630/619 2632/2632/619 2633/2633/619
f 2634/2634/620 2635/2635/620 2636/2636/620
f 2637/2637/604 2638/2638/604 2639/2639/604
f 2640/2640/621 2641/2641/621 2642/2642/621
f 2640/2640/621 2642/2642/621 2643/2643/621
f 2644/2644/622 2645/2645/622 2646/2646/622
f 2647/2647/604 2648/2648/604 2649/2649/604
f 2650/2650/623 2651/2651/623 2652/2652/623
f 2650/2650/623 2652/2652/623 2653/2653/623
f 2654/2654/624 2655/2655/624 2656/2656/624
f 2657/2657/604 2658/2658/604 2659/2659/604
f 2660/2660/625 2661/2661/625 2662/2662/625
f 2660/2660/625 2662/2662/625 2663/2663/625
f 2664/2664/626 2665/2665/626 2666/2666/626
f 2667/2667/604 2668/2668/604 2669/2669/604
f 2670/2670/627 2671/2671/627 2672/2672/627
f 2670/2670/627 2672/2672/627 2673/2673/627
f 2674/2674/628 2675/2675/628 2676/2676/628
f 2677/2677/629 2678/2678/629 2679/2679/629
f 2677/2677/629 2679/2679/629 2680/2680/629
f 2681/2681/630 2682/2682/630 2683/2683/630
f 2681/2681/630 2683/2683/630 2684/2684/630
f 2685/2685/631 2686/2686/631 2687/2687/631
f 2685/2685/631 2687/2687/631 2688/2688/631
f 2689/2689/632 2690/2690/632 2691/2691/632
f 2689/2689/632 2691/2691/632 2692/2692/632
f 2693/2693/633 2694/2694/633 2695/2695/633
f 2693/2693/633 2695/2695/633 2696/2696/633
f 2697/2697/634 2698/2698/634 2699/2699/634
f 2697/2697/634 2699/2699/634 2700/2700/634
f 2701/2701/635 2702/2702/635 2703/2703/635
f 2701/2701/635 2703/2703/635 2704/2704/635
f 2705/2705/636 2706/2706/636 2707/2707/636
f 2705/2705/636 2707/2707/636 2708/2708/636
f 2709/2709/637 2710/2710/637 2711/2711/637
f 2709/2709/637 2711/2711/637 2712/2712/637
f 2713/2713/638 2714/2714/638 2715/2715/638
f 2713/2713/638 2715/2715/638 2716/2716/638
f 2717/2717/639 2718/2718/639 2719/2719/639
f 2717/2717/639 2719/2719/639 2720/2720/639
f 2721/2721/640 2722/2722/640 2723/2723/640
f 2721/2721/640 2723/2723/640 2724/2724/640
f 2725/2725/641 2726/2726/641 2727/2727/641
f 2725/2725/641 2727/2727/641 2728/2728/641
f 2729/2729/604 2730/2730/604 2731/2731/604
f 2729/2729/604 2731/2731/604 2732/2732/604
f 2733/2733/641 2734/2734/641 2735/2735/641
f 2733/2733/641 2735/2735/641 2736/2736/641
f 2737/2737/604 2738/2738/604 2739/2739/604
f 2737/2737/604 2739/2739/604 2740/2740/604
f 2741/2741/641 2742/2742/641 2743/2743/641
f 2741/2741/641 2743/2743/641 2744/2744/641
f 2745/2745/604 2746/2746/604 2747/2747/604
f 2745/2745/604 2747/2747/604 2748/2748/604
f 2749/2749/641 2750/2750/641 2751/2751/641
f 2749/2749/641 2751/2751/641 2752/2752/641
f 2753/2753/604 2754/2754/604 2755/2755/604
f 2753/2753/604 2755/2755/604 2756/2756/604
f 2757/2757/641 2758/2758/641 2759/2759/641
f 2757/2757/641 2759/2759/641 2760/2760/641
f 2761/2761/604 2762/2762/604 2763/2763/604
f 2761/2761/604 2763/2763/604 2764/2764/604
f 2765/2765/641 2766/2766/641 2767/2767/641
f 2765/2765/641 2767/2767/641 2768/2768/641
f 2769/2769/604 2770/2770/604 2771/2771/604
f 2769/2769/604 2771/2771/604 2772/2772/604
f 2773/2773/641 2774/2774/641 2775/2775/641
f 2773/2773/641 2775/2775/641 2776/2776/641
f 2777/2777/604 2778/2778/604 2779/2779/604
f 2777/2777/604 2779/2779/604 2780/2780/604
f 2781/2781/641 2782/2782/641 2783/2783/641
f 2781/2781/641 2783/2783/641 2784/2784/641
f 2785/2785/604 2786/2786/604 2787/2787/604
f 2785/2785/604 2787/2787/604 2788/2788/604
f 2789/2789/641 2790/2790/641 2791/2791/641
f 2789/2789/641 2791/2791/641 2792/2792/641
f 2793/2793/604 2794/2794/604 2795/2795/604
f 2793/2793/604 2795/2795/604 2796/2796/604
f 2797/2797/641 2798/2798/641 2799/2799/641
f 2797/2797/641 2799/2799/641 2800/2800/641
f 2801/2801/604 2802/2802/604 2803/2803/604
f 2801/2801/604 2803/2803/604 2804/2804/604
f 2805/2805/641 2806/2806/641 2807/2807/641
f 2805/2805/641 2807/2807/641 2808/2808/641
f 2809/2809/604 2810/2810/604 2811/2811/604
f 2809/2809/604 2811/2811/604 2812/2812/604
f 2813/2813/641 2814/2814/641 2815/2815/641
f 2813/2813/641 2815/2815/641 2816/2816/641
f 2817/2817/604 2818/2818/604 2819/2819/604
f 2817/2817/604 2819/2819/604 2820/2820/604
f 2821/2821/642 2822/2822/642 2823/2823/642
f 2821/2821/642 2823/2823/642 2824/2824/642
f 2825/2825/643 2826/2826/643 2827/2827/643
f 2825/2825/643 2827/2827/643 2828/2828/643
f 2829/2829/644 2830/2830/644 2831/2831/644
f 2829/2829/644 2831/2831/644 2832/2832/644
f 2833/2833/645 2834/2834/645 2835/2835/645
f 2833/2833/645 2835/2835/645 2836/2836/645
f 2837/2837/646 2838/2838/646 2839/2839/646
f 2837/2837/646 2839/2839/646 2840/2840/646
f 2841/2841/637 2842/2842/637 2843/2843/637
f 2841/2841/637 2843/2843/637 2844/2844/637
f 2845/2845/647 2846/2846/647 2847/2847/647
f 2845/2845/647 2847/2847/647 2848/2848/647
f 2849/2849/648 2850/2850/648 2851/2851/648
f 2849/2849/648 2851/2851/648 2852/2852/648
f 2853/2853/649 2854/2854/649 2855/2855/649
f 2853/2853/649 2855/2855/649 2856/2856/649
f 2857/2857/650 2858/2858/650 2859/2859/650
f 2857/2857/650 2859/2859/650 2860/2860/650
f 2861/2861/651 2862/2862/651 2863/2863/651
f 2861/2861/651 2863/2863/651 2864/2864/651
f 2865/2865/629 2866/2866/629 2867/2867/629
f 2865/2865/629 2867/2867/629 2868/2868/629
f 2869/2869/652 2870/2870/652 2871/2871/652
f 2869/2869/652 2871/2871/652 2872/2872/652
f 2873/2873/653 2874/2874/653 2875/2875/653
f 2873/2873/653 2875/2875/653 2876/2876/653
f 2877/2877/654 2878/2878/654 2879/2879/654
f 2877/2877/654 2879/2879/654 2880/2880/654
f 2881/2881/655 2882/2882/655 2883/2883/655
f 2881/2881/655 2883/2883/655 2884/2884/655
f 2885/2885/656 2886/2886/656 2887/2887/656
f 2885/2885/656 2887/2887/656 2888/2888/656
f 2889/2889/632 2890/2890/632 2891/2891/632
f 2889/2889/632 2891/2891/632 2892/2892/632
f 2893/2893/657 2894/2894/657 2895/2895/657
f 2893/2893/657 2895/2895/657 2896/2896/657
f 2897/2897/658 2898/2898/658 2899/2899/658
f 2897/2897/658 2899/2899/658 2900/2900/658
f 2901/2901/659 2902/2902/659 2903/2903/659
f 2901/2901/659 2903/2903/659 2904/2904/659
f 2905/2905/660 2906/2906/660 2907/2907/660
f 2905/2905/660 2907/2907/660 2908/2908/660
f 2909/2909/661 2910/2910/661 2911/2911/661
f 2909/2909/661 2911/2911/661 2912/2912/661
f 2913/2913/635 2914/2914/635 2915/2915/635
f 2913/2913/635 2915/2915/635 2916/2916/635
f 2917/2917/662 2918/2918/662 2919/2919/662
f 2917/2917/662 2919/2919/662 2920/2920/662
f 2921/2921/663 2922/2922/663 2923/2923/663
f 2921/2921/663 2923/2923/663 2924/2924/663
f 2925/2925/664 2926/2926/664 2927/2927/664
f 2925/2925/664 2927/2927/664 2928/2928/664
f 2929/2929/665 2930/2930/665 2931/2931/665
f 2929/2929/665 2931/2931/665 2932/2932/665
f 2933/2933/666 2934/2934/666 2935/2935/666
f 2933/2933/666 2935/2935/666 2936/2936/666
f 2937/2937/667 2938/2938/667 2939/2939/667
f 2937/2937/667 2939/2939/667 2940/2940/667
f 2941/2941/668 2942/2942/668 2943/2943/668
f 2941/2941/668 2943/2943/668 2944/2944/668
f 2945/2945/669 2946/2946/669 2947/2947/669
f 2945/2945/669 2947/2947/669 2948/2948/669
f 2949/2949/670 2950/2950/670 2951/2951/670
f 2949/2949/670 2951/2951/670 2952/2952/670
f 2953/2953/671 2954/2954/671 2955/2955/671
f 2953/2953/671 2955/2955/671 2956/2956/671
f 2957/2957/672 2958/2958/672 2959/2959/672
f 2957/2957/672 2959/2959/672 2960/2960/672
f 2961/2961/673 2962/2962/673 2963/2963/673
f 2961/2961/673 2963/2963/673 2964/2964/673
# Vertices: 408, normals: 70, texture coordinates: 408, faces: 192

